CREATE DATABASE IF NOT EXISTS fusionauth;

GRANT ALL PRIVILEGES ON fusionauth.* TO 'dev1'@'%';

USE fusionauth;

# ************************************************************
# Sequel Pro SQL dump
# Version 4541
#
# http://www.sequelpro.com/
# https://github.com/sequelpro/sequelpro
#
# Hôte: 127.0.0.1 (MySQL 5.7.28)
# Base de données: fusionauth
# Temps de génération: 2020-03-17 11:13:48 +0000
# ************************************************************


/*!40101 SET @OLD_CHARACTER_SET_CLIENT=@@CHARACTER_SET_CLIENT */;
/*!40101 SET @OLD_CHARACTER_SET_RESULTS=@@CHARACTER_SET_RESULTS */;
/*!40101 SET @OLD_COLLATION_CONNECTION=@@COLLATION_CONNECTION */;
/*!40101 SET NAMES utf8 */;
/*!40014 SET @OLD_FOREIGN_KEY_CHECKS=@@FOREIGN_KEY_CHECKS, FOREIGN_KEY_CHECKS=0 */;
/*!40101 SET @OLD_SQL_MODE=@@SQL_MODE, SQL_MODE='NO_AUTO_VALUE_ON_ZERO' */;
/*!40111 SET @OLD_SQL_NOTES=@@SQL_NOTES, SQL_NOTES=0 */;


# Affichage de la table application_daily_active_users
# ------------------------------------------------------------

CREATE TABLE `application_daily_active_users` (
  `applications_id` binary(16) NOT NULL,
  `count` int(11) NOT NULL,
  `day` int(11) NOT NULL,
  UNIQUE KEY `application_daily_active_users_uk_1` (`applications_id`,`day`),
  CONSTRAINT `application_daily_active_users_fk_1` FOREIGN KEY (`applications_id`) REFERENCES `applications` (`id`)
) ENGINE=InnoDB DEFAULT CHARSET=utf8mb4 COLLATE=utf8mb4_bin;

LOCK TABLES `application_daily_active_users` WRITE;
/*!40000 ALTER TABLE `application_daily_active_users` DISABLE KEYS */;

INSERT INTO `application_daily_active_users` (`applications_id`, `count`, `day`)
VALUES
	(X'3C219E58ED0E4B18AD48F4F92793AE32',1,18337);

/*!40000 ALTER TABLE `application_daily_active_users` ENABLE KEYS */;
UNLOCK TABLES;


# Affichage de la table application_monthly_active_users
# ------------------------------------------------------------

CREATE TABLE `application_monthly_active_users` (
  `applications_id` binary(16) NOT NULL,
  `count` int(11) NOT NULL,
  `month` int(11) NOT NULL,
  UNIQUE KEY `application_monthly_active_users_uk_1` (`applications_id`,`month`),
  CONSTRAINT `application_monthly_active_users_fk_1` FOREIGN KEY (`applications_id`) REFERENCES `applications` (`id`)
) ENGINE=InnoDB DEFAULT CHARSET=utf8mb4 COLLATE=utf8mb4_bin;

LOCK TABLES `application_monthly_active_users` WRITE;
/*!40000 ALTER TABLE `application_monthly_active_users` DISABLE KEYS */;

INSERT INTO `application_monthly_active_users` (`applications_id`, `count`, `month`)
VALUES
	(X'3C219E58ED0E4B18AD48F4F92793AE32',1,602);

/*!40000 ALTER TABLE `application_monthly_active_users` ENABLE KEYS */;
UNLOCK TABLES;


# Affichage de la table application_registration_counts
# ------------------------------------------------------------

CREATE TABLE `application_registration_counts` (
  `applications_id` binary(16) NOT NULL,
  `count` int(11) NOT NULL,
  `decremented_count` int(11) NOT NULL,
  `hour` int(11) NOT NULL,
  UNIQUE KEY `application_registration_counts_uk_1` (`applications_id`,`hour`),
  CONSTRAINT `application_registration_counts_fk_1` FOREIGN KEY (`applications_id`) REFERENCES `applications` (`id`)
) ENGINE=InnoDB DEFAULT CHARSET=utf8mb4 COLLATE=utf8mb4_bin;

LOCK TABLES `application_registration_counts` WRITE;
/*!40000 ALTER TABLE `application_registration_counts` DISABLE KEYS */;

INSERT INTO `application_registration_counts` (`applications_id`, `count`, `decremented_count`, `hour`)
VALUES
	(X'3C219E58ED0E4B18AD48F4F92793AE32',1,0,440100);

/*!40000 ALTER TABLE `application_registration_counts` ENABLE KEYS */;
UNLOCK TABLES;


# Affichage de la table application_roles
# ------------------------------------------------------------

CREATE TABLE `application_roles` (
  `id` binary(16) NOT NULL,
  `applications_id` binary(16) NOT NULL,
  `description` varchar(255) COLLATE utf8mb4_bin DEFAULT NULL,
  `is_default` bit(1) NOT NULL,
  `is_super_role` bit(1) NOT NULL,
  `name` varchar(191) COLLATE utf8mb4_bin NOT NULL,
  PRIMARY KEY (`id`),
  UNIQUE KEY `application_roles_uk_1` (`name`,`applications_id`),
  KEY `application_roles_fk_1` (`applications_id`),
  CONSTRAINT `application_roles_fk_1` FOREIGN KEY (`applications_id`) REFERENCES `applications` (`id`)
) ENGINE=InnoDB DEFAULT CHARSET=utf8mb4 COLLATE=utf8mb4_bin;

LOCK TABLES `application_roles` WRITE;
/*!40000 ALTER TABLE `application_roles` DISABLE KEYS */;

INSERT INTO `application_roles` (`id`, `applications_id`, `description`, `is_default`, `is_super_role`, `name`)
VALUES
	(X'631ECD9D8D404C13827780CEDB8236E2',X'3C219E58ED0E4B18AD48F4F92793AE32',X'476C6F62616C2061646D696E',b'0',b'1',X'61646D696E'),
	(X'631ECD9D8D404C13827780CEDB8236E3',X'3C219E58ED0E4B18AD48F4F92793AE32',X'415049206B6579206D616E61676572',b'0',b'0',X'6170695F6B65795F6D616E61676572'),
	(X'631ECD9D8D404C13827780CEDB8236E4',X'3C219E58ED0E4B18AD48F4F92793AE32',X'4170706C69636174696F6E2064656C65746572',b'0',b'0',X'6170706C69636174696F6E5F64656C65746572'),
	(X'631ECD9D8D404C13827780CEDB8236E5',X'3C219E58ED0E4B18AD48F4F92793AE32',X'4170706C69636174696F6E206D616E61676572',b'0',b'0',X'6170706C69636174696F6E5F6D616E61676572'),
	(X'631ECD9D8D404C13827780CEDB8236E6',X'3C219E58ED0E4B18AD48F4F92793AE32',X'4175646974206C6F6720766965776572',b'0',b'0',X'61756469745F6C6F675F766965776572'),
	(X'631ECD9D8D404C13827780CEDB8236E7',X'3C219E58ED0E4B18AD48F4F92793AE32',X'456D61696C2074656D706C617465206D616E61676572',b'0',b'0',X'656D61696C5F74656D706C6174655F6D616E61676572'),
	(X'631ECD9D8D404C13827780CEDB8236E8',X'3C219E58ED0E4B18AD48F4F92793AE32',X'5265706F727420766965776572',b'0',b'0',X'7265706F72745F766965776572'),
	(X'631ECD9D8D404C13827780CEDB8236E9',X'3C219E58ED0E4B18AD48F4F92793AE32',X'53797374656D20636F6E66696775726174696F6E206D616E61676572',b'0',b'0',X'73797374656D5F6D616E61676572'),
	(X'631ECD9D8D404C13827780CEDB8236F0',X'3C219E58ED0E4B18AD48F4F92793AE32',X'5573657220616374696F6E2064656C65746572',b'0',b'0',X'757365725F616374696F6E5F64656C65746572'),
	(X'631ECD9D8D404C13827780CEDB8236F1',X'3C219E58ED0E4B18AD48F4F92793AE32',X'5573657220616374696F6E206D616E61676572',b'0',b'0',X'757365725F616374696F6E5F6D616E61676572'),
	(X'631ECD9D8D404C13827780CEDB8236F2',X'3C219E58ED0E4B18AD48F4F92793AE32',X'557365722064656C65746572',b'0',b'0',X'757365725F64656C65746572'),
	(X'631ECD9D8D404C13827780CEDB8236F3',X'3C219E58ED0E4B18AD48F4F92793AE32',X'55736572206D616E61676572',b'0',b'0',X'757365725F6D616E61676572'),
	(X'631ECD9D8D404C13827780CEDB8236F4',X'3C219E58ED0E4B18AD48F4F92793AE32',X'576562686F6F6B206D616E61676572',b'0',b'0',X'776562686F6F6B5F6D616E61676572'),
	(X'631ECD9D8D404C13827780CEDB8236F5',X'3C219E58ED0E4B18AD48F4F92793AE32',X'47726F7570206D616E61676572',b'0',b'0',X'67726F75705F6D616E61676572'),
	(X'631ECD9D8D404C13827780CEDB8236F6',X'3C219E58ED0E4B18AD48F4F92793AE32',X'47726F75702064656C65746572',b'0',b'0',X'67726F75705F64656C65746572'),
	(X'631ECD9D8D404C13827780CEDB8236F7',X'3C219E58ED0E4B18AD48F4F92793AE32',X'54656E616E74206D616E61676572',b'0',b'0',X'74656E616E745F6D616E61676572'),
	(X'631ECD9D8D404C13827780CEDB8236F8',X'3C219E58ED0E4B18AD48F4F92793AE32',X'54656E616E742064656C65746572',b'0',b'0',X'74656E616E745F64656C65746572'),
	(X'631ECD9D8D404C13827780CEDB8236F9',X'3C219E58ED0E4B18AD48F4F92793AE32',X'4C616D626461206D616E61676572',b'0',b'0',X'6C616D6264615F6D616E61676572'),
	(X'631ECD9D8D404C13827780CEDB8236FA',X'3C219E58ED0E4B18AD48F4F92793AE32',X'4576656E74206C6F6720766965776572',b'0',b'0',X'6576656E745F6C6F675F766965776572'),
	(X'631ECD9D8D404C13827780CEDB8236FB',X'3C219E58ED0E4B18AD48F4F92793AE32',X'4B6579206D616E61676572',b'0',b'0',X'6B65795F6D616E61676572'),
	(X'631ECD9D8D404C13827780CEDB8236FC',X'3C219E58ED0E4B18AD48F4F92793AE32',X'436F6E73656E742064656C65746572',b'0',b'0',X'636F6E73656E745F64656C65746572'),
	(X'631ECD9D8D404C13827780CEDB8236FD',X'3C219E58ED0E4B18AD48F4F92793AE32',X'436F6E73656E74206D616E61676572',b'0',b'0',X'636F6E73656E745F6D616E61676572'),
	(X'631ECD9D8D404C13827780CEDB8236FE',X'3C219E58ED0E4B18AD48F4F92793AE32',X'5468656D65206D616E61676572',b'0',b'0',X'7468656D655F6D616E61676572'),
	(X'631ECD9D8D404C13827780CEDB8236FF',X'3C219E58ED0E4B18AD48F4F92793AE32',X'52656163746F72206D616E61676572',b'0',b'0',X'72656163746F725F6D616E61676572'),
	(X'FB1A2AC5F3D44FC99C3B24FA57ADD459',X'80BD3EED6365486787ED30F3B76D6E34',NULL,b'1',b'0',X'75736572');

/*!40000 ALTER TABLE `application_roles` ENABLE KEYS */;
UNLOCK TABLES;


# Affichage de la table applications
# ------------------------------------------------------------

CREATE TABLE `applications` (
  `id` binary(16) NOT NULL,
  `access_token_populate_lambdas_id` binary(16) DEFAULT NULL,
  `access_token_signing_keys_id` binary(16) DEFAULT NULL,
  `active` bit(1) NOT NULL,
  `data` text COLLATE utf8mb4_bin NOT NULL,
  `id_token_populate_lambdas_id` binary(16) DEFAULT NULL,
  `id_token_signing_keys_id` binary(16) DEFAULT NULL,
  `name` varchar(191) COLLATE utf8mb4_bin NOT NULL,
  `samlv2_issuer` varchar(191) COLLATE utf8mb4_bin DEFAULT NULL,
  `samlv2_keys_id` binary(16) DEFAULT NULL,
  `samlv2_populate_lambdas_id` binary(16) DEFAULT NULL,
  `tenants_id` binary(16) NOT NULL,
  `verification_email_templates_id` binary(16) DEFAULT NULL,
  PRIMARY KEY (`id`),
  UNIQUE KEY `applications_uk_1` (`name`,`tenants_id`),
  UNIQUE KEY `applications_uk_2` (`samlv2_issuer`,`tenants_id`),
  KEY `applications_fk_1` (`verification_email_templates_id`),
  KEY `applications_fk_3` (`access_token_populate_lambdas_id`),
  KEY `applications_fk_4` (`id_token_populate_lambdas_id`),
  KEY `applications_fk_5` (`samlv2_keys_id`),
  KEY `applications_fk_6` (`samlv2_populate_lambdas_id`),
  KEY `applications_fk_7` (`access_token_signing_keys_id`),
  KEY `applications_fk_8` (`id_token_signing_keys_id`),
  KEY `applications_i_1` (`tenants_id`),
  CONSTRAINT `applications_fk_1` FOREIGN KEY (`verification_email_templates_id`) REFERENCES `email_templates` (`id`),
  CONSTRAINT `applications_fk_2` FOREIGN KEY (`tenants_id`) REFERENCES `tenants` (`id`),
  CONSTRAINT `applications_fk_3` FOREIGN KEY (`access_token_populate_lambdas_id`) REFERENCES `lambdas` (`id`),
  CONSTRAINT `applications_fk_4` FOREIGN KEY (`id_token_populate_lambdas_id`) REFERENCES `lambdas` (`id`),
  CONSTRAINT `applications_fk_5` FOREIGN KEY (`samlv2_keys_id`) REFERENCES `keys` (`id`),
  CONSTRAINT `applications_fk_6` FOREIGN KEY (`samlv2_populate_lambdas_id`) REFERENCES `lambdas` (`id`),
  CONSTRAINT `applications_fk_7` FOREIGN KEY (`access_token_signing_keys_id`) REFERENCES `keys` (`id`),
  CONSTRAINT `applications_fk_8` FOREIGN KEY (`id_token_signing_keys_id`) REFERENCES `keys` (`id`)
) ENGINE=InnoDB DEFAULT CHARSET=utf8mb4 COLLATE=utf8mb4_bin;

LOCK TABLES `applications` WRITE;
/*!40000 ALTER TABLE `applications` DISABLE KEYS */;

INSERT INTO `applications` (`id`, `access_token_populate_lambdas_id`, `access_token_signing_keys_id`, `active`, `data`, `id_token_populate_lambdas_id`, `id_token_signing_keys_id`, `name`, `samlv2_issuer`, `samlv2_keys_id`, `samlv2_populate_lambdas_id`, `tenants_id`, `verification_email_templates_id`)
VALUES
	(X'3C219E58ED0E4B18AD48F4F92793AE32',NULL,NULL,b'1',X'7B226F61757468436F6E66696775726174696F6E223A207B22617574686F72697A6564526564697265637455524C73223A205B222F6C6F67696E225D2C2022636C69656E744964223A202233633231396535382D656430652D346231382D616434382D663466393237393361653332222C2022636C69656E74536563726574223A20225A6D466B4D4455354E7A566D5A6D4D304D44466D4F44686B4F4455314E5745324F5464694F5752685A6A673D222C2022656E61626C65644772616E7473223A205B22617574686F72697A6174696F6E5F636F6465225D2C20226C6F676F757455524C223A20222F222C202267656E657261746552656672657368546F6B656E73223A2066616C73652C202272657175697265436C69656E7441757468656E7469636174696F6E223A20747275657D2C226C6F67696E436F6E66696775726174696F6E223A207B22616C6C6F77546F6B656E52656672657368223A2066616C73652C202267656E657261746552656672657368546F6B656E73223A2066616C73652C20227265717569726541757468656E7469636174696F6E223A20747275657D7D',NULL,NULL,X'467573696F6E41757468',NULL,NULL,NULL,X'63306265613733353163666231353737',NULL),
	(X'80BD3EED6365486787ED30F3B76D6E34',NULL,X'C9B32482B4644D93A6163AE4658C0134',b'1',X'7B2261757468656E7469636174696F6E546F6B656E436F6E66696775726174696F6E223A7B22656E61626C6564223A66616C73657D2C2264617461223A7B7D2C226A7774436F6E66696775726174696F6E223A7B22656E61626C6564223A747275652C2272656672657368546F6B656E54696D65546F4C697665496E4D696E75746573223A34333230302C2274696D65546F4C697665496E5365636F6E6473223A333630307D2C226C6F67696E436F6E66696775726174696F6E223A7B22616C6C6F77546F6B656E52656672657368223A747275652C2267656E657261746552656672657368546F6B656E73223A747275652C227265717569726541757468656E7469636174696F6E223A747275657D2C226F61757468436F6E66696775726174696F6E223A7B22636C69656E744964223A2238306264336565642D363336352D343836372D383765642D333066336237366436653334222C22636C69656E74536563726574223A225356546E6A7844423145696359623171576D76664274454D764E4B6B507230776E306F6938673431317259222C22656E61626C65644772616E7473223A5B22726566726573685F746F6B656E222C22617574686F72697A6174696F6E5F636F6465225D2C2267656E657261746552656672657368546F6B656E73223A747275652C226C6F676F75744265686176696F72223A22416C6C4170706C69636174696F6E73222C2272657175697265436C69656E7441757468656E7469636174696F6E223A747275657D2C2270617373776F72646C657373436F6E66696775726174696F6E223A7B22656E61626C6564223A747275657D2C22726567697374726174696F6E436F6E66696775726174696F6E223A7B22626972746844617465223A7B22656E61626C6564223A66616C73652C227265717569726564223A66616C73657D2C22636F6E6669726D50617373776F7264223A66616C73652C22656E61626C6564223A66616C73652C2266697273744E616D65223A7B22656E61626C6564223A66616C73652C227265717569726564223A66616C73657D2C2266756C6C4E616D65223A7B22656E61626C6564223A66616C73652C227265717569726564223A66616C73657D2C226C6173744E616D65223A7B22656E61626C6564223A66616C73652C227265717569726564223A66616C73657D2C226C6F67696E496454797065223A22656D61696C222C226D6964646C654E616D65223A7B22656E61626C6564223A66616C73652C227265717569726564223A66616C73657D2C226D6F62696C6550686F6E65223A7B22656E61626C6564223A66616C73652C227265717569726564223A66616C73657D7D2C22726567697374726174696F6E44656C657465506F6C696379223A7B22756E7665726966696564223A7B22656E61626C6564223A66616C73652C226E756D6265724F6644617973546F52657461696E223A33307D7D2C2273616D6C7632436F6E66696775726174696F6E223A7B226465627567223A66616C73652C22656E61626C6564223A66616C73652C22786D6C5369676E61747572654331346E4D6574686F64223A226578636C75736976655F776974685F636F6D6D656E7473227D2C22766572696679526567697374726174696F6E223A66616C73657D',NULL,X'BA7F5343A0CF4EDB90CF3D5879498E38',X'7477696E742D77726170706572',NULL,NULL,NULL,X'63306265613733353163666231353737',NULL);

/*!40000 ALTER TABLE `applications` ENABLE KEYS */;
UNLOCK TABLES;


# Affichage de la table audit_logs
# ------------------------------------------------------------

CREATE TABLE `audit_logs` (
  `id` bigint(20) NOT NULL AUTO_INCREMENT,
  `insert_instant` bigint(20) NOT NULL,
  `insert_user` varchar(255) COLLATE utf8mb4_bin NOT NULL,
  `message` text COLLATE utf8mb4_bin NOT NULL,
  `data` mediumtext COLLATE utf8mb4_bin,
  PRIMARY KEY (`id`),
  KEY `audit_logs_i1` (`insert_instant`)
) ENGINE=InnoDB DEFAULT CHARSET=utf8mb4 COLLATE=utf8mb4_bin;

LOCK TABLES `audit_logs` WRITE;
/*!40000 ALTER TABLE `audit_logs` DISABLE KEYS */;

INSERT INTO `audit_logs` (`id`, `insert_instant`, `insert_user`, `message`, `data`)
VALUES
	(1,1584362464715,X'6D656469616C6162406166702E636F6D',X'43726561746564207468652074656E616E742077697468204964205B39613535616135372D366131352D623834622D613766632D6265303863326335306535645D20616E64206E616D65205B5765766572696679205D',X'7B2264617461223A7B7D2C22726561736F6E223A22467573696F6E41757468205573657220496E74657266616365227D'),
	(2,1584362488474,X'6D656469616C6162406166702E636F6D',X'44656C65746564207468652074656E616E742077697468204964205B39613535616135372D366131352D623834622D613766632D6265303863326335306535645D20616E64206E616D65205B57657665726966795D',X'7B2264617461223A7B7D2C22726561736F6E223A22467573696F6E41757468205573657220496E74657266616365227D'),
	(3,1584362509131,X'6D656469616C6162406166702E636F6D',X'55706461746564207468652074656E616E742077697468204964205B36333330363236352D363133372D333333352D333136332D3636363233313335333733375D20616E64206E616D65205B57657665726966795D',X'7B2264617461223A7B7D2C226E657756616C7565223A7B22636F6E66696775726564223A747275652C22656D61696C436F6E66696775726174696F6E223A7B22666F72676F7450617373776F7264456D61696C54656D706C6174654964223A2265343061633739632D303735392D343563352D383961342D666465323333613935663737222C22686F7374223A226C6F63616C686F7374222C2270617373776F72646C657373456D61696C54656D706C6174654964223A2237633562393564652D613034352D346338392D613766612D326665653832363534633764222C22706F7274223A32352C227365637572697479223A224E4F4E45222C2273657450617373776F7264456D61696C54656D706C6174654964223A2261663432313535652D323030662D343365342D616563382D343965306362663263313832222C22766572696679456D61696C223A66616C73652C22766572696679456D61696C5768656E4368616E676564223A66616C73657D2C226576656E74436F6E66696775726174696F6E223A7B226576656E7473223A7B226A77742E7075626C69632D6B65792E757064617465223A7B22656E61626C6564223A66616C73652C227472616E73616374696F6E54797065223A224E6F6E65227D2C226A77742E726566726573682D746F6B656E2E7265766F6B65223A7B22656E61626C6564223A66616C73652C227472616E73616374696F6E54797065223A224E6F6E65227D2C22757365722E62756C6B2E637265617465223A7B22656E61626C6564223A66616C73652C227472616E73616374696F6E54797065223A224E6F6E65227D2C22757365722E637265617465223A7B22656E61626C6564223A66616C73652C227472616E73616374696F6E54797065223A224E6F6E65227D2C22757365722E64656163746976617465223A7B22656E61626C6564223A66616C73652C227472616E73616374696F6E54797065223A224E6F6E65227D2C22757365722E64656C657465223A7B22656E61626C6564223A66616C73652C227472616E73616374696F6E54797065223A224E6F6E65227D2C22757365722E656D61696C2E7665726966696564223A7B22656E61626C6564223A66616C73652C227472616E73616374696F6E54797065223A224E6F6E65227D2C22757365722E6C6F67696E2E6661696C6564223A7B22656E61626C6564223A66616C73652C227472616E73616374696F6E54797065223A224E6F6E65227D2C22757365722E6C6F67696E2E73756363657373223A7B22656E61626C6564223A66616C73652C227472616E73616374696F6E54797065223A224E6F6E65227D2C22757365722E70617373776F72642E627265616368223A7B22656E61626C6564223A66616C73652C227472616E73616374696F6E54797065223A224E6F6E65227D2C22757365722E72656163746976617465223A7B22656E61626C6564223A66616C73652C227472616E73616374696F6E54797065223A224E6F6E65227D2C22757365722E726567697374726174696F6E2E637265617465223A7B22656E61626C6564223A66616C73652C227472616E73616374696F6E54797065223A224E6F6E65227D2C22757365722E726567697374726174696F6E2E64656C657465223A7B22656E61626C6564223A66616C73652C227472616E73616374696F6E54797065223A224E6F6E65227D2C22757365722E726567697374726174696F6E2E757064617465223A7B22656E61626C6564223A66616C73652C227472616E73616374696F6E54797065223A224E6F6E65227D2C22757365722E726567697374726174696F6E2E7665726966696564223A7B22656E61626C6564223A66616C73652C227472616E73616374696F6E54797065223A224E6F6E65227D2C22757365722E757064617465223A7B22656E61626C6564223A66616C73652C227472616E73616374696F6E54797065223A224E6F6E65227D7D7D2C2265787465726E616C4964656E746966696572436F6E66696775726174696F6E223A7B22617574686F72697A6174696F6E4772616E74496454696D65546F4C697665496E5365636F6E6473223A33302C226368616E676550617373776F7264496447656E657261746F72223A7B226C656E677468223A33322C2274797065223A2272616E646F6D4279746573227D2C226368616E676550617373776F7264496454696D65546F4C697665496E5365636F6E6473223A3630302C22646576696365436F646554696D65546F4C697665496E5365636F6E6473223A313830302C2264657669636555736572436F6465496447656E657261746F72223A7B226C656E677468223A362C2274797065223A2272616E646F6D416C7068614E756D65726963227D2C22656D61696C566572696669636174696F6E496447656E657261746F72223A7B226C656E677468223A33322C2274797065223A2272616E646F6D4279746573227D2C22656D61696C566572696669636174696F6E496454696D65546F4C697665496E5365636F6E6473223A38363430302C2265787465726E616C41757468656E7469636174696F6E496454696D65546F4C697665496E5365636F6E6473223A3330302C226F6E6554696D6550617373776F726454696D65546F4C697665496E5365636F6E6473223A36302C2270617373776F72646C6573734C6F67696E47656E657261746F72223A7B226C656E677468223A33322C2274797065223A2272616E646F6D4279746573227D2C2270617373776F72646C6573734C6F67696E54696D65546F4C697665496E5365636F6E6473223A38363430302C22726567697374726174696F6E566572696669636174696F6E496447656E657261746F72223A7B226C656E677468223A33322C2274797065223A2272616E646F6D4279746573227D2C22726567697374726174696F6E566572696669636174696F6E496454696D65546F4C697665496E5365636F6E6473223A38363430302C22736574757050617373776F7264496447656E657261746F72223A7B226C656E677468223A33322C2274797065223A2272616E646F6D4279746573227D2C22736574757050617373776F7264496454696D65546F4C697665496E5365636F6E6473223A38363430302C2274776F466163746F72496454696D65546F4C697665496E5365636F6E6473223A3330302C2274776F466163746F725472757374496454696D65546F4C697665496E5365636F6E6473223A323539323030307D2C226661696C656441757468656E7469636174696F6E436F6E66696775726174696F6E223A7B22616374696F6E4475726174696F6E223A332C22616374696F6E4475726174696F6E556E6974223A224D494E55544553222C227265736574436F756E74496E5365636F6E6473223A36302C22746F6F4D616E79417474656D707473223A357D2C2266616D696C79436F6E66696775726174696F6E223A7B22616C6C6F774368696C64526567697374726174696F6E73223A747275652C2264656C6574654F727068616E65644163636F756E7473223A66616C73652C2264656C6574654F727068616E65644163636F756E747344617973223A33302C22656E61626C6564223A66616C73652C226D6178696D756D4368696C64416765223A31322C226D696E696D756D4F776E6572416765223A32312C22706172656E74456D61696C5265717569726564223A66616C73657D2C226874747053657373696F6E4D6178496E616374697665496E74657276616C223A333630302C226964223A2236333330363236352D363133372D333333352D333136332D363636323331333533373337222C22697373756572223A2277657665726966792E6575222C226A7774436F6E66696775726174696F6E223A7B22616363657373546F6B656E4B65794964223A2236353634333733342D333333312D333236342D333936362D333433343631363633323635222C22656E61626C6564223A747275652C226964546F6B656E4B65794964223A2230393264626564632D333061662D343134392D396336312D623537386632633732663539222C2272656672657368546F6B656E54696D65546F4C697665496E4D696E75746573223A34333230302C2274696D65546F4C697665496E5365636F6E6473223A333630307D2C226D6178696D756D50617373776F7264416765223A7B2264617973223A3138302C22656E61626C6564223A66616C73657D2C226D696E696D756D50617373776F7264416765223A7B22656E61626C6564223A66616C73652C227365636F6E6473223A33307D2C226E616D65223A225765766572696679222C2270617373776F7264456E6372797074696F6E436F6E66696775726174696F6E223A7B22656E6372797074696F6E536368656D65223A2273616C7465642D70626B6466322D686D61632D736861323536222C22656E6372797074696F6E536368656D65466163746F72223A32343030302C226D6F64696679456E6372797074696F6E536368656D654F6E4C6F67696E223A66616C73657D2C2270617373776F726456616C69646174696F6E52756C6573223A7B22627265616368446574656374696F6E223A7B22656E61626C6564223A66616C73652C226D617463684D6F6465223A2248696768222C226E6F7469667955736572456D61696C54656D706C6174654964223A2264366261333963312D323832642D343530622D393930632D373131633734656139363565222C226F6E4C6F67696E223A224F6666227D2C226D61784C656E677468223A3235362C226D696E4C656E677468223A382C2272656D656D62657250726576696F757350617373776F726473223A7B22636F756E74223A312C22656E61626C6564223A66616C73657D2C22726571756972654D6978656443617365223A66616C73652C22726571756972654E6F6E416C706861223A66616C73652C22726571756972654E756D626572223A66616C73652C2276616C69646174654F6E4C6F67696E223A66616C73657D2C227468656D654964223A2237356130363866642D653934622D343531612D396165622D336464623961336235393837222C227573657244656C657465506F6C696379223A7B22756E7665726966696564223A7B22656E61626C6564223A66616C73652C226E756D6265724F6644617973546F52657461696E223A33307D7D7D2C226F6C6456616C7565223A7B22636F6E66696775726564223A66616C73652C22656D61696C436F6E66696775726174696F6E223A7B22666F72676F7450617373776F7264456D61696C54656D706C6174654964223A2265343061633739632D303735392D343563352D383961342D666465323333613935663737222C22686F7374223A226C6F63616C686F7374222C2270617373776F72646C657373456D61696C54656D706C6174654964223A2237633562393564652D613034352D346338392D613766612D326665653832363534633764222C22706F7274223A32352C2273657450617373776F7264456D61696C54656D706C6174654964223A2261663432313535652D323030662D343365342D616563382D343965306362663263313832222C22766572696679456D61696C223A66616C73652C22766572696679456D61696C5768656E4368616E676564223A66616C73657D2C226576656E74436F6E66696775726174696F6E223A7B7D2C2265787465726E616C4964656E746966696572436F6E66696775726174696F6E223A7B22617574686F72697A6174696F6E4772616E74496454696D65546F4C697665496E5365636F6E6473223A33302C226368616E676550617373776F7264496447656E657261746F72223A7B226C656E677468223A33322C2274797065223A2272616E646F6D4279746573227D2C226368616E676550617373776F7264496454696D65546F4C697665496E5365636F6E6473223A3630302C22646576696365436F646554696D65546F4C697665496E5365636F6E6473223A313830302C2264657669636555736572436F6465496447656E657261746F72223A7B226C656E677468223A362C2274797065223A2272616E646F6D416C7068614E756D65726963227D2C22656D61696C566572696669636174696F6E496447656E657261746F72223A7B226C656E677468223A33322C2274797065223A2272616E646F6D4279746573227D2C22656D61696C566572696669636174696F6E496454696D65546F4C697665496E5365636F6E6473223A38363430302C2265787465726E616C41757468656E7469636174696F6E496454696D65546F4C697665496E5365636F6E6473223A3330302C226F6E6554696D6550617373776F726454696D65546F4C697665496E5365636F6E6473223A36302C2270617373776F72646C6573734C6F67696E47656E657261746F72223A7B226C656E677468223A33322C2274797065223A2272616E646F6D4279746573227D2C2270617373776F72646C6573734C6F67696E54696D65546F4C697665496E5365636F6E6473223A3138302C22726567697374726174696F6E566572696669636174696F6E496447656E657261746F72223A7B226C656E677468223A33322C2274797065223A2272616E646F6D4279746573227D2C22726567697374726174696F6E566572696669636174696F6E496454696D65546F4C697665496E5365636F6E6473223A38363430302C22736574757050617373776F7264496447656E657261746F72223A7B226C656E677468223A33322C2274797065223A2272616E646F6D4279746573227D2C22736574757050617373776F7264496454696D65546F4C697665496E5365636F6E6473223A38363430302C2274776F466163746F72496454696D65546F4C697665496E5365636F6E6473223A3330302C2274776F466163746F725472757374496454696D65546F4C697665496E5365636F6E6473223A323539323030307D2C226661696C656441757468656E7469636174696F6E436F6E66696775726174696F6E223A7B22616374696F6E4475726174696F6E223A332C22616374696F6E4475726174696F6E556E6974223A224D494E55544553222C227265736574436F756E74496E5365636F6E6473223A36302C22746F6F4D616E79417474656D707473223A357D2C2266616D696C79436F6E66696775726174696F6E223A7B22616C6C6F774368696C64526567697374726174696F6E73223A747275652C2264656C6574654F727068616E65644163636F756E7473223A66616C73652C2264656C6574654F727068616E65644163636F756E747344617973223A33302C22656E61626C6564223A66616C73652C226D6178696D756D4368696C64416765223A31322C226D696E696D756D4F776E6572416765223A32312C22706172656E74456D61696C5265717569726564223A66616C73657D2C226874747053657373696F6E4D6178496E616374697665496E74657276616C223A333630302C226964223A2236333330363236352D363133372D333333352D333136332D363636323331333533373337222C22697373756572223A2261636D652E636F6D222C226A7774436F6E66696775726174696F6E223A7B22616363657373546F6B656E4B65794964223A2236353634333733342D333333312D333236342D333936362D333433343631363633323635222C22656E61626C6564223A747275652C226964546F6B656E4B65794964223A2230393264626564632D333061662D343134392D396336312D623537386632633732663539222C2272656672657368546F6B656E54696D65546F4C697665496E4D696E75746573223A34333230302C2274696D65546F4C697665496E5365636F6E6473223A333630307D2C226D6178696D756D50617373776F7264416765223A7B2264617973223A3138302C22656E61626C6564223A66616C73657D2C226D696E696D756D50617373776F7264416765223A7B22656E61626C6564223A66616C73652C227365636F6E6473223A33307D2C226E616D65223A2244656661756C74222C2270617373776F7264456E6372797074696F6E436F6E66696775726174696F6E223A7B22656E6372797074696F6E536368656D65223A2273616C7465642D70626B6466322D686D61632D736861323536222C22656E6372797074696F6E536368656D65466163746F72223A32343030302C226D6F64696679456E6372797074696F6E536368656D654F6E4C6F67696E223A66616C73657D2C2270617373776F726456616C69646174696F6E52756C6573223A7B22627265616368446574656374696F6E223A7B22656E61626C6564223A66616C73652C226E6F7469667955736572456D61696C54656D706C6174654964223A2264366261333963312D323832642D343530622D393930632D373131633734656139363565227D2C226D61784C656E677468223A3235362C226D696E4C656E677468223A382C2272656D656D62657250726576696F757350617373776F726473223A7B22636F756E74223A302C22656E61626C6564223A66616C73657D2C22726571756972654D6978656443617365223A66616C73652C22726571756972654E6F6E416C706861223A66616C73652C22726571756972654E756D626572223A66616C73652C2276616C69646174654F6E4C6F67696E223A66616C73657D2C227468656D654964223A2237356130363866642D653934622D343531612D396165622D336464623961336235393837222C227573657244656C657465506F6C696379223A7B22756E7665726966696564223A7B22656E61626C6564223A66616C73652C226E756D6265724F6644617973546F52657461696E223A307D7D7D2C22726561736F6E223A22467573696F6E41757468205573657220496E74657266616365227D'),
	(4,1584362837334,X'6D656469616C6162406166702E636F6D',X'43726561746564207468652067726F75702077697468204964205B36613337333664352D313039382D343261312D396134342D6132313939323437386165335D20616E64206E616D65205B41646D696E697374726174696F6E5D',X'7B2264617461223A7B7D2C22726561736F6E223A22467573696F6E41757468205573657220496E74657266616365227D'),
	(5,1584363126919,X'6D656469616C6162406166702E636F6D',X'4372656174656420746865206170706C69636174696F6E2077697468204964205B38306264336565642D363336352D343836372D383765642D3330663362373664366533345D20616E64206E616D65205B7477696E742D777261707065725D',X'7B2264617461223A7B7D2C22726561736F6E223A22467573696F6E41757468205573657220496E74657266616365227D'),
	(6,1584368708226,X'6D656469616C6162406166702E636F6D',X'43726561746564207468652067726F75702077697468204964205B35653539636536642D623837382D343938302D613063622D3635383334316563666432395D20616E64206E616D65205B57657665726966792057616974696E6720666F7220417070726F76616C095D',X'7B2264617461223A7B7D2C22726561736F6E223A22467573696F6E41757468205573657220496E74657266616365227D'),
	(7,1584368722675,X'6D656469616C6162406166702E636F6D',X'43726561746564207468652067726F75702077697468204964205B37393963643737642D326333662D343561362D626539642D3134663465666238313732665D20616E64206E616D65205B5765766572696679205573657273095D',X'7B2264617461223A7B7D2C22726561736F6E223A22467573696F6E41757468205573657220496E74657266616365227D'),
	(8,1584368727464,X'6D656469616C6162406166702E636F6D',X'55706461746564207468652067726F75702077697468204964205B36613337333664352D313039382D343261312D396134342D6132313939323437386165335D20616E64206E616D65205B41646D696E697374726174696F6E5D',X'7B2264617461223A7B7D2C226E657756616C7565223A7B226964223A2236613337333664352D313039382D343261312D396134342D613231393932343738616533222C226E616D65223A2241646D696E697374726174696F6E222C22726F6C6573223A7B2233633231396535382D656430652D346231382D616434382D663466393237393361653332223A5B7B226465736372697074696F6E223A22476C6F62616C2061646D696E222C226964223A2236333165636439642D386434302D346331332D383237372D383063656462383233366532222C22697344656661756C74223A66616C73652C2269735375706572526F6C65223A747275652C226E616D65223A2261646D696E227D2C7B226465736372697074696F6E223A22476C6F62616C2061646D696E222C226964223A2236333165636439642D386434302D346331332D383237372D383063656462383233366532222C22697344656661756C74223A66616C73652C2269735375706572526F6C65223A747275652C226E616D65223A2261646D696E227D5D7D2C2274656E616E744964223A2236333330363236352D363133372D333333352D333136332D363636323331333533373337227D2C226F6C6456616C7565223A7B226964223A2236613337333664352D313039382D343261312D396134342D613231393932343738616533222C226E616D65223A2241646D696E697374726174696F6E222C22726F6C6573223A7B2233633231396535382D656430652D346231382D616434382D663466393237393361653332223A5B7B226465736372697074696F6E223A22476C6F62616C2061646D696E222C226964223A2236333165636439642D386434302D346331332D383237372D383063656462383233366532222C22697344656661756C74223A66616C73652C2269735375706572526F6C65223A747275652C226E616D65223A2261646D696E227D5D7D2C2274656E616E744964223A2236333330363236352D363133372D333333352D333136332D363636323331333533373337227D2C22726561736F6E223A22467573696F6E41757468205573657220496E74657266616365227D'),
	(9,1584369433760,X'6D656469616C6162406166702E636F6D',X'437265617465642074686520656D61696C2074656D706C6174652077697468204964205B36323732313865642D313932622D343166642D386234632D3030373937343163656562325D20616E64206E616D65205B576576657269667920417070726F76616C5D',X'7B2264617461223A7B7D2C22726561736F6E223A22467573696F6E41757468205573657220496E74657266616365227D'),
	(10,1584369541528,X'6D656469616C6162406166702E636F6D',X'437265617465642074686520656D61696C2074656D706C6174652077697468204964205B65623332646433352D656466662D346366342D383338642D3234643334653632613337325D20616E64206E616D65205B57657665726966792050617373776F72646C6573735D',X'7B2264617461223A7B7D2C22726561736F6E223A22467573696F6E41757468205573657220496E74657266616365227D'),
	(11,1584369794225,X'6D656469616C6162406166702E636F6D',X'4372656174656420746865204150492061757468656E7469636174696F6E206B6579205B57516B505F39784268506A6D51486C456662576C55394C7769696E344C56744C7A38555F4A6872584A30595D',X'7B2264617461223A7B7D2C22726561736F6E223A22467573696F6E41757468205573657220496E74657266616365227D'),
	(12,1584369888751,X'6D656469616C6162406166702E636F6D',X'557064617465642074686520757365722077697468204964205B36306234646234372D653436612D343138662D626561352D3235353666373138636563315D20616E64206C6F67696E4964205B6D656469616C6162406166702E636F6D5D',X'7B2264617461223A7B7D2C226E657756616C7565223A7B22616374697665223A747275652C22656D61696C223A2277657665726966794077657665726966792E6575222C2266697273744E616D65223A224D656469616C6162222C226964223A2236306234646234372D653436612D343138662D626561352D323535366637313863656331222C22696E73657274496E7374616E74223A313538343336323034363139392C226C6173744C6F67696E496E7374616E74223A313538343336383638333733362C226C6173744E616D65223A22414650222C2270617373776F72644368616E67655265717569726564223A66616C73652C2270617373776F72644C617374557064617465496E7374616E74223A313538343336393838383639322C22726567697374726174696F6E73223A5B7B226170706C69636174696F6E4964223A2233633231396535382D656430652D346231382D616434382D663466393237393361653332222C226964223A2234636631633565372D316232612D343233632D393766352D323933343836356463353732222C22696E73657274496E7374616E74223A313538343336323034363435302C226C6173744C6F67696E496E7374616E74223A313538343336383638333733362C22726F6C6573223A5B2261646D696E225D2C22757365726E616D65537461747573223A22414354495645222C227665726966696564223A747275657D5D2C2274656E616E744964223A2236333330363236352D363133372D333333352D333136332D363636323331333533373337222C2274776F466163746F7244656C6976657279223A224E6F6E65222C2274776F466163746F72456E61626C6564223A66616C73652C22757365726E616D65537461747573223A22414354495645222C227665726966696564223A747275657D2C226F6C6456616C7565223A7B22616374697665223A747275652C22656D61696C223A226D656469616C6162406166702E636F6D222C2266697273744E616D65223A224D656469616C6162222C226964223A2236306234646234372D653436612D343138662D626561352D323535366637313863656331222C22696E73657274496E7374616E74223A313538343336323034363139392C226C6173744C6F67696E496E7374616E74223A313538343336383638333733362C226C6173744E616D65223A22414650222C2270617373776F72644368616E67655265717569726564223A66616C73652C2270617373776F72644C617374557064617465496E7374616E74223A313538343336323034363238302C22726567697374726174696F6E73223A5B7B226170706C69636174696F6E4964223A2233633231396535382D656430652D346231382D616434382D663466393237393361653332222C226964223A2234636631633565372D316232612D343233632D393766352D323933343836356463353732222C22696E73657274496E7374616E74223A313538343336323034363435302C226C6173744C6F67696E496E7374616E74223A313538343336383638333733362C22726F6C6573223A5B2261646D696E225D2C22757365726E616D65537461747573223A22414354495645222C227665726966696564223A747275657D5D2C2274656E616E744964223A2236333330363236352D363133372D333333352D333136332D363636323331333533373337222C2274776F466163746F7244656C6976657279223A224E6F6E65222C2274776F466163746F72456E61626C6564223A66616C73652C22757365726E616D65537461747573223A22414354495645222C227665726966696564223A747275657D2C22726561736F6E223A22467573696F6E41757468205573657220496E74657266616365227D'),
	(13,1584370010900,X'77657665726966794077657665726966792E6575',X'43726561746564207573657220616374696F6E2077697468204964205B30336366303430392D316265652D346338652D393235632D6164646230383164616130375D20616E64206E616D65205B576576657269667920417070726F76616C204E6F74696669636174696F6E5D',X'7B2264617461223A7B7D2C22726561736F6E223A22467573696F6E41757468205573657220496E74657266616365227D'),
	(14,1584370157208,X'77657665726966794077657665726966792E6575',X'5570646174652074686520656D61696C2074656D706C6174652077697468204964205B65623332646433352D656466662D346366342D383338642D3234643334653632613337325D20616E64206E616D65205B57657665726966792050617373776F72646C6573735D',X'7B2264617461223A7B7D2C226E657756616C7565223A7B2264656661756C7446726F6D4E616D65223A22576556657269667920506C7567696E222C2264656661756C7448746D6C54656D706C617465223A22596F7520686176652072657175657374656420746F206C6F6720696E746F20496E76696420576556657269667920506C7567696E207573696E67207468697320656D61696C20616464726573732E20496620796F7520646F206E6F74207265636F676E697A652074686973207265717565737420706C656173652069676E6F7265207468697320656D61696C2E5C725C6E3C703E5C725C6E2020506C65617365206D616E75616C6C7920656E74657220796F75722061636365737320636F64653A5C725C6E3C2F703E5C725C6E3C703E5C725C6E2020247B636F64657D5C725C6E3C2F703E222C2264656661756C745375626A656374223A22576576657269667920706C7567696E20616363657373222C2264656661756C745465787454656D706C617465223A22596F7520686176652072657175657374656420746F206C6F6720696E746F20496E76696420576556657269667920506C7567696E207573696E67207468697320656D61696C20616464726573732E20496620796F7520646F206E6F74207265636F676E697A652074686973207265717565737420706C656173652069676E6F7265207468697320656D61696C2E5C725C6E5C725C6E20506C65617365206D616E75616C6C7920656E74657220796F75722061636365737320636F64653A5C725C6E5C725C6E2020247B636F64657D222C2266726F6D456D61696C223A2277657665726966792D706C7567696E40676D61696C2E636F6D222C226E616D65223A2257657665726966792050617373776F72646C657373227D2C226F6C6456616C7565223A7B2264656661756C7448746D6C54656D706C617465223A22596F7520686176652072657175657374656420746F206C6F6720696E746F20496E76696420576556657269667920506C7567696E207573696E67207468697320656D61696C20616464726573732E20496620796F7520646F206E6F74207265636F676E697A652074686973207265717565737420706C656173652069676E6F7265207468697320656D61696C2E5C725C6E3C703E5C725C6E2020506C65617365206D616E75616C6C7920656E74657220796F75722061636365737320636F64653A5C725C6E3C2F703E5C725C6E3C703E5C725C6E2020247B636F64657D5C725C6E3C2F703E222C2264656661756C745375626A656374223A22576576657269667920706C7567696E20616363657373222C2264656661756C745465787454656D706C617465223A22596F7520686176652072657175657374656420746F206C6F6720696E746F20496E76696420576556657269667920506C7567696E207573696E67207468697320656D61696C20616464726573732E20496620796F7520646F206E6F74207265636F676E697A652074686973207265717565737420706C656173652069676E6F7265207468697320656D61696C2E5C725C6E5C725C6E20506C65617365206D616E75616C6C7920656E74657220796F75722061636365737320636F64653A5C725C6E5C725C6E2020247B636F64657D222C2266726F6D456D61696C223A2277657665726966792D706C7567696E40676D61696C2E636F6D222C226964223A2265623332646433352D656466662D346366342D383338642D323464333465363261333732222C226E616D65223A2257657665726966792050617373776F72646C657373227D2C22726561736F6E223A22467573696F6E41757468205573657220496E74657266616365227D'),
	(15,1584443527858,X'77657665726966794077657665726966792E6575',X'55706461746564207468652074656E616E742077697468204964205B36333330363236352D363133372D333333352D333136332D3636363233313335333733375D20616E64206E616D65205B57657665726966795D',X'7B2264617461223A7B7D2C226E657756616C7565223A7B22636F6E66696775726564223A747275652C22656D61696C436F6E66696775726174696F6E223A7B22666F72676F7450617373776F7264456D61696C54656D706C6174654964223A2265343061633739632D303735392D343563352D383961342D666465323333613935663737222C22686F7374223A226C6F63616C686F7374222C2270617373776F72646C657373456D61696C54656D706C6174654964223A2265623332646433352D656466662D346366342D383338642D323464333465363261333732222C22706F7274223A32352C227365637572697479223A224E4F4E45222C2273657450617373776F7264456D61696C54656D706C6174654964223A2261663432313535652D323030662D343365342D616563382D343965306362663263313832222C22766572696679456D61696C223A66616C73652C22766572696679456D61696C5768656E4368616E676564223A66616C73657D2C226576656E74436F6E66696775726174696F6E223A7B226576656E7473223A7B226A77742E7075626C69632D6B65792E757064617465223A7B22656E61626C6564223A66616C73652C227472616E73616374696F6E54797065223A224E6F6E65227D2C226A77742E726566726573682D746F6B656E2E7265766F6B65223A7B22656E61626C6564223A66616C73652C227472616E73616374696F6E54797065223A224E6F6E65227D2C22757365722E62756C6B2E637265617465223A7B22656E61626C6564223A66616C73652C227472616E73616374696F6E54797065223A224E6F6E65227D2C22757365722E637265617465223A7B22656E61626C6564223A66616C73652C227472616E73616374696F6E54797065223A224E6F6E65227D2C22757365722E64656163746976617465223A7B22656E61626C6564223A66616C73652C227472616E73616374696F6E54797065223A224E6F6E65227D2C22757365722E64656C657465223A7B22656E61626C6564223A66616C73652C227472616E73616374696F6E54797065223A224E6F6E65227D2C22757365722E656D61696C2E7665726966696564223A7B22656E61626C6564223A66616C73652C227472616E73616374696F6E54797065223A224E6F6E65227D2C22757365722E6C6F67696E2E6661696C6564223A7B22656E61626C6564223A66616C73652C227472616E73616374696F6E54797065223A224E6F6E65227D2C22757365722E6C6F67696E2E73756363657373223A7B22656E61626C6564223A66616C73652C227472616E73616374696F6E54797065223A224E6F6E65227D2C22757365722E70617373776F72642E627265616368223A7B22656E61626C6564223A66616C73652C227472616E73616374696F6E54797065223A224E6F6E65227D2C22757365722E72656163746976617465223A7B22656E61626C6564223A66616C73652C227472616E73616374696F6E54797065223A224E6F6E65227D2C22757365722E726567697374726174696F6E2E637265617465223A7B22656E61626C6564223A66616C73652C227472616E73616374696F6E54797065223A224E6F6E65227D2C22757365722E726567697374726174696F6E2E64656C657465223A7B22656E61626C6564223A66616C73652C227472616E73616374696F6E54797065223A224E6F6E65227D2C22757365722E726567697374726174696F6E2E757064617465223A7B22656E61626C6564223A66616C73652C227472616E73616374696F6E54797065223A224E6F6E65227D2C22757365722E726567697374726174696F6E2E7665726966696564223A7B22656E61626C6564223A66616C73652C227472616E73616374696F6E54797065223A224E6F6E65227D2C22757365722E757064617465223A7B22656E61626C6564223A66616C73652C227472616E73616374696F6E54797065223A224E6F6E65227D7D7D2C2265787465726E616C4964656E746966696572436F6E66696775726174696F6E223A7B22617574686F72697A6174696F6E4772616E74496454696D65546F4C697665496E5365636F6E6473223A33302C226368616E676550617373776F7264496447656E657261746F72223A7B226C656E677468223A33322C2274797065223A2272616E646F6D4279746573227D2C226368616E676550617373776F7264496454696D65546F4C697665496E5365636F6E6473223A3630302C22646576696365436F646554696D65546F4C697665496E5365636F6E6473223A313830302C2264657669636555736572436F6465496447656E657261746F72223A7B226C656E677468223A362C2274797065223A2272616E646F6D416C7068614E756D65726963227D2C22656D61696C566572696669636174696F6E496447656E657261746F72223A7B226C656E677468223A33322C2274797065223A2272616E646F6D4279746573227D2C22656D61696C566572696669636174696F6E496454696D65546F4C697665496E5365636F6E6473223A38363430302C2265787465726E616C41757468656E7469636174696F6E496454696D65546F4C697665496E5365636F6E6473223A3330302C226F6E6554696D6550617373776F726454696D65546F4C697665496E5365636F6E6473223A36302C2270617373776F72646C6573734C6F67696E47656E657261746F72223A7B226C656E677468223A33322C2274797065223A2272616E646F6D4279746573227D2C2270617373776F72646C6573734C6F67696E54696D65546F4C697665496E5365636F6E6473223A38363430302C22726567697374726174696F6E566572696669636174696F6E496447656E657261746F72223A7B226C656E677468223A33322C2274797065223A2272616E646F6D4279746573227D2C22726567697374726174696F6E566572696669636174696F6E496454696D65546F4C697665496E5365636F6E6473223A38363430302C22736574757050617373776F7264496447656E657261746F72223A7B226C656E677468223A33322C2274797065223A2272616E646F6D4279746573227D2C22736574757050617373776F7264496454696D65546F4C697665496E5365636F6E6473223A38363430302C2274776F466163746F72496454696D65546F4C697665496E5365636F6E6473223A3330302C2274776F466163746F725472757374496454696D65546F4C697665496E5365636F6E6473223A323539323030307D2C226661696C656441757468656E7469636174696F6E436F6E66696775726174696F6E223A7B22616374696F6E4475726174696F6E223A332C22616374696F6E4475726174696F6E556E6974223A224D494E55544553222C227265736574436F756E74496E5365636F6E6473223A36302C22746F6F4D616E79417474656D707473223A357D2C2266616D696C79436F6E66696775726174696F6E223A7B22616C6C6F774368696C64526567697374726174696F6E73223A747275652C2264656C6574654F727068616E65644163636F756E7473223A66616C73652C2264656C6574654F727068616E65644163636F756E747344617973223A33302C22656E61626C6564223A66616C73652C226D6178696D756D4368696C64416765223A31322C226D696E696D756D4F776E6572416765223A32312C22706172656E74456D61696C5265717569726564223A66616C73657D2C226874747053657373696F6E4D6178496E616374697665496E74657276616C223A333630302C226964223A2236333330363236352D363133372D333333352D333136332D363636323331333533373337222C22697373756572223A2277657665726966792E6575222C226A7774436F6E66696775726174696F6E223A7B22616363657373546F6B656E4B65794964223A2236353634333733342D333333312D333236342D333936362D333433343631363633323635222C22656E61626C6564223A747275652C226964546F6B656E4B65794964223A2230393264626564632D333061662D343134392D396336312D623537386632633732663539222C2272656672657368546F6B656E54696D65546F4C697665496E4D696E75746573223A34333230302C2274696D65546F4C697665496E5365636F6E6473223A333630307D2C226D6178696D756D50617373776F7264416765223A7B2264617973223A3138302C22656E61626C6564223A66616C73657D2C226D696E696D756D50617373776F7264416765223A7B22656E61626C6564223A66616C73652C227365636F6E6473223A33307D2C226E616D65223A225765766572696679222C2270617373776F7264456E6372797074696F6E436F6E66696775726174696F6E223A7B22656E6372797074696F6E536368656D65223A2273616C7465642D70626B6466322D686D61632D736861323536222C22656E6372797074696F6E536368656D65466163746F72223A32343030302C226D6F64696679456E6372797074696F6E536368656D654F6E4C6F67696E223A66616C73657D2C2270617373776F726456616C69646174696F6E52756C6573223A7B22627265616368446574656374696F6E223A7B22656E61626C6564223A66616C73652C226D617463684D6F6465223A2248696768222C226E6F7469667955736572456D61696C54656D706C6174654964223A2264366261333963312D323832642D343530622D393930632D373131633734656139363565222C226F6E4C6F67696E223A224F6666227D2C226D61784C656E677468223A3235362C226D696E4C656E677468223A382C2272656D656D62657250726576696F757350617373776F726473223A7B22636F756E74223A312C22656E61626C6564223A66616C73657D2C22726571756972654D6978656443617365223A66616C73652C22726571756972654E6F6E416C706861223A66616C73652C22726571756972654E756D626572223A66616C73652C2276616C69646174654F6E4C6F67696E223A66616C73657D2C227468656D654964223A2237356130363866642D653934622D343531612D396165622D336464623961336235393837222C227573657244656C657465506F6C696379223A7B22756E7665726966696564223A7B22656E61626C6564223A66616C73652C226E756D6265724F6644617973546F52657461696E223A33307D7D7D2C226F6C6456616C7565223A7B22636F6E66696775726564223A747275652C22656D61696C436F6E66696775726174696F6E223A7B22666F72676F7450617373776F7264456D61696C54656D706C6174654964223A2265343061633739632D303735392D343563352D383961342D666465323333613935663737222C22686F7374223A226C6F63616C686F7374222C2270617373776F72646C657373456D61696C54656D706C6174654964223A2237633562393564652D613034352D346338392D613766612D326665653832363534633764222C22706F7274223A32352C227365637572697479223A224E4F4E45222C2273657450617373776F7264456D61696C54656D706C6174654964223A2261663432313535652D323030662D343365342D616563382D343965306362663263313832222C22766572696679456D61696C223A66616C73652C22766572696679456D61696C5768656E4368616E676564223A66616C73657D2C226576656E74436F6E66696775726174696F6E223A7B226576656E7473223A7B226A77742E7075626C69632D6B65792E757064617465223A7B22656E61626C6564223A66616C73652C227472616E73616374696F6E54797065223A224E6F6E65227D2C226A77742E726566726573682D746F6B656E2E7265766F6B65223A7B22656E61626C6564223A66616C73652C227472616E73616374696F6E54797065223A224E6F6E65227D2C22757365722E62756C6B2E637265617465223A7B22656E61626C6564223A66616C73652C227472616E73616374696F6E54797065223A224E6F6E65227D2C22757365722E637265617465223A7B22656E61626C6564223A66616C73652C227472616E73616374696F6E54797065223A224E6F6E65227D2C22757365722E64656163746976617465223A7B22656E61626C6564223A66616C73652C227472616E73616374696F6E54797065223A224E6F6E65227D2C22757365722E64656C657465223A7B22656E61626C6564223A66616C73652C227472616E73616374696F6E54797065223A224E6F6E65227D2C22757365722E656D61696C2E7665726966696564223A7B22656E61626C6564223A66616C73652C227472616E73616374696F6E54797065223A224E6F6E65227D2C22757365722E6C6F67696E2E6661696C6564223A7B22656E61626C6564223A66616C73652C227472616E73616374696F6E54797065223A224E6F6E65227D2C22757365722E6C6F67696E2E73756363657373223A7B22656E61626C6564223A66616C73652C227472616E73616374696F6E54797065223A224E6F6E65227D2C22757365722E70617373776F72642E627265616368223A7B22656E61626C6564223A66616C73652C227472616E73616374696F6E54797065223A224E6F6E65227D2C22757365722E72656163746976617465223A7B22656E61626C6564223A66616C73652C227472616E73616374696F6E54797065223A224E6F6E65227D2C22757365722E726567697374726174696F6E2E637265617465223A7B22656E61626C6564223A66616C73652C227472616E73616374696F6E54797065223A224E6F6E65227D2C22757365722E726567697374726174696F6E2E64656C657465223A7B22656E61626C6564223A66616C73652C227472616E73616374696F6E54797065223A224E6F6E65227D2C22757365722E726567697374726174696F6E2E757064617465223A7B22656E61626C6564223A66616C73652C227472616E73616374696F6E54797065223A224E6F6E65227D2C22757365722E726567697374726174696F6E2E7665726966696564223A7B22656E61626C6564223A66616C73652C227472616E73616374696F6E54797065223A224E6F6E65227D2C22757365722E757064617465223A7B22656E61626C6564223A66616C73652C227472616E73616374696F6E54797065223A224E6F6E65227D7D7D2C2265787465726E616C4964656E746966696572436F6E66696775726174696F6E223A7B22617574686F72697A6174696F6E4772616E74496454696D65546F4C697665496E5365636F6E6473223A33302C226368616E676550617373776F7264496447656E657261746F72223A7B226C656E677468223A33322C2274797065223A2272616E646F6D4279746573227D2C226368616E676550617373776F7264496454696D65546F4C697665496E5365636F6E6473223A3630302C22646576696365436F646554696D65546F4C697665496E5365636F6E6473223A313830302C2264657669636555736572436F6465496447656E657261746F72223A7B226C656E677468223A362C2274797065223A2272616E646F6D416C7068614E756D65726963227D2C22656D61696C566572696669636174696F6E496447656E657261746F72223A7B226C656E677468223A33322C2274797065223A2272616E646F6D4279746573227D2C22656D61696C566572696669636174696F6E496454696D65546F4C697665496E5365636F6E6473223A38363430302C2265787465726E616C41757468656E7469636174696F6E496454696D65546F4C697665496E5365636F6E6473223A3330302C226F6E6554696D6550617373776F726454696D65546F4C697665496E5365636F6E6473223A36302C2270617373776F72646C6573734C6F67696E47656E657261746F72223A7B226C656E677468223A33322C2274797065223A2272616E646F6D4279746573227D2C2270617373776F72646C6573734C6F67696E54696D65546F4C697665496E5365636F6E6473223A38363430302C22726567697374726174696F6E566572696669636174696F6E496447656E657261746F72223A7B226C656E677468223A33322C2274797065223A2272616E646F6D4279746573227D2C22726567697374726174696F6E566572696669636174696F6E496454696D65546F4C697665496E5365636F6E6473223A38363430302C22736574757050617373776F7264496447656E657261746F72223A7B226C656E677468223A33322C2274797065223A2272616E646F6D4279746573227D2C22736574757050617373776F7264496454696D65546F4C697665496E5365636F6E6473223A38363430302C2274776F466163746F72496454696D65546F4C697665496E5365636F6E6473223A3330302C2274776F466163746F725472757374496454696D65546F4C697665496E5365636F6E6473223A323539323030307D2C226661696C656441757468656E7469636174696F6E436F6E66696775726174696F6E223A7B22616374696F6E4475726174696F6E223A332C22616374696F6E4475726174696F6E556E6974223A224D494E55544553222C227265736574436F756E74496E5365636F6E6473223A36302C22746F6F4D616E79417474656D707473223A357D2C2266616D696C79436F6E66696775726174696F6E223A7B22616C6C6F774368696C64526567697374726174696F6E73223A747275652C2264656C6574654F727068616E65644163636F756E7473223A66616C73652C2264656C6574654F727068616E65644163636F756E747344617973223A33302C22656E61626C6564223A66616C73652C226D6178696D756D4368696C64416765223A31322C226D696E696D756D4F776E6572416765223A32312C22706172656E74456D61696C5265717569726564223A66616C73657D2C226874747053657373696F6E4D6178496E616374697665496E74657276616C223A333630302C226964223A2236333330363236352D363133372D333333352D333136332D363636323331333533373337222C22697373756572223A2277657665726966792E6575222C226A7774436F6E66696775726174696F6E223A7B22616363657373546F6B656E4B65794964223A2236353634333733342D333333312D333236342D333936362D333433343631363633323635222C22656E61626C6564223A747275652C226964546F6B656E4B65794964223A2230393264626564632D333061662D343134392D396336312D623537386632633732663539222C2272656672657368546F6B656E54696D65546F4C697665496E4D696E75746573223A34333230302C2274696D65546F4C697665496E5365636F6E6473223A333630307D2C226D6178696D756D50617373776F7264416765223A7B2264617973223A3138302C22656E61626C6564223A66616C73657D2C226D696E696D756D50617373776F7264416765223A7B22656E61626C6564223A66616C73652C227365636F6E6473223A33307D2C226E616D65223A225765766572696679222C2270617373776F7264456E6372797074696F6E436F6E66696775726174696F6E223A7B22656E6372797074696F6E536368656D65223A2273616C7465642D70626B6466322D686D61632D736861323536222C22656E6372797074696F6E536368656D65466163746F72223A32343030302C226D6F64696679456E6372797074696F6E536368656D654F6E4C6F67696E223A66616C73657D2C2270617373776F726456616C69646174696F6E52756C6573223A7B22627265616368446574656374696F6E223A7B22656E61626C6564223A66616C73652C226D617463684D6F6465223A2248696768222C226E6F7469667955736572456D61696C54656D706C6174654964223A2264366261333963312D323832642D343530622D393930632D373131633734656139363565222C226F6E4C6F67696E223A224F6666227D2C226D61784C656E677468223A3235362C226D696E4C656E677468223A382C2272656D656D62657250726576696F757350617373776F726473223A7B22636F756E74223A312C22656E61626C6564223A66616C73657D2C22726571756972654D6978656443617365223A66616C73652C22726571756972654E6F6E416C706861223A66616C73652C22726571756972654E756D626572223A66616C73652C2276616C69646174654F6E4C6F67696E223A66616C73657D2C227468656D654964223A2237356130363866642D653934622D343531612D396165622D336464623961336235393837222C227573657244656C657465506F6C696379223A7B22756E7665726966696564223A7B22656E61626C6564223A66616C73652C226E756D6265724F6644617973546F52657461696E223A33307D7D7D2C22726561736F6E223A22467573696F6E41757468205573657220496E74657266616365227D');

/*!40000 ALTER TABLE `audit_logs` ENABLE KEYS */;
UNLOCK TABLES;


# Affichage de la table authentication_keys
# ------------------------------------------------------------

CREATE TABLE `authentication_keys` (
  `id` varchar(191) COLLATE utf8mb4_bin NOT NULL,
  `permissions` text COLLATE utf8mb4_bin,
  `meta_data` text COLLATE utf8mb4_bin,
  `tenants_id` binary(16) DEFAULT NULL,
  PRIMARY KEY (`id`),
  KEY `authentication_keys_fk_1` (`tenants_id`),
  CONSTRAINT `authentication_keys_fk_1` FOREIGN KEY (`tenants_id`) REFERENCES `tenants` (`id`)
) ENGINE=InnoDB DEFAULT CHARSET=utf8mb4 COLLATE=utf8mb4_bin;

LOCK TABLES `authentication_keys` WRITE;
/*!40000 ALTER TABLE `authentication_keys` DISABLE KEYS */;

INSERT INTO `authentication_keys` (`id`, `permissions`, `meta_data`, `tenants_id`)
VALUES
	(X'57516B505F39784268506A6D51486C456662576C55394C7769696E344C56744C7A38555F4A6872584A3059',X'7B22656E64706F696E7473223A7B222F6170692F67726F75702F6D656D626572223A5B22504F5354225D2C222F6170692F6A77742F72656672657368223A5B22504F5354225D2C222F6170692F70617373776F72646C6573732F7374617274223A5B22504F5354225D2C222F6170692F75736572223A5B2244454C455445222C22504F5354222C22474554225D7D7D',X'7B2261747472696275746573223A7B226465736372697074696F6E223A2257657665726966792D4150492D4B4559227D7D',NULL),
	(X'5F5F696E7465726E616C5F597A41794D6D45314D544D33597A426D4D7A4D304D575A6D4D324D355A546B784D5445774E4467784E7A55774D444D314D544E6A4E5445324F5467304F5459314E3251774E54553059574D7A5A6D566D596A593D',X'7B22656E64706F696E7473223A207B222F6170692F63616368652F72656C6F6164223A205B22504F5354225D7D7D',X'7B2261747472696275746573223A207B22696E7465726E616C436163686552656C6F61646572223A202274727565227D7D',NULL);

/*!40000 ALTER TABLE `authentication_keys` ENABLE KEYS */;
UNLOCK TABLES;


# Affichage de la table breached_password_metrics
# ------------------------------------------------------------

CREATE TABLE `breached_password_metrics` (
  `tenants_id` binary(16) NOT NULL,
  `matched_exact_count` int(11) NOT NULL,
  `matched_sub_address_count` int(11) NOT NULL,
  `matched_common_password_count` int(11) NOT NULL,
  `matched_password_count` int(11) NOT NULL,
  `passwords_checked_count` int(11) NOT NULL,
  PRIMARY KEY (`tenants_id`),
  CONSTRAINT `breached_password_metrics_fk_1` FOREIGN KEY (`tenants_id`) REFERENCES `tenants` (`id`)
) ENGINE=InnoDB DEFAULT CHARSET=utf8mb4 COLLATE=utf8mb4_bin;



# Affichage de la table clean_speak_applications
# ------------------------------------------------------------

CREATE TABLE `clean_speak_applications` (
  `applications_id` binary(16) NOT NULL,
  `clean_speak_application_id` binary(16) NOT NULL,
  UNIQUE KEY `clean_speak_applications_uk_1` (`applications_id`,`clean_speak_application_id`),
  CONSTRAINT `clean_speak_applications_fk_1` FOREIGN KEY (`applications_id`) REFERENCES `applications` (`id`)
) ENGINE=InnoDB DEFAULT CHARSET=utf8mb4 COLLATE=utf8mb4_bin;



# Affichage de la table common_breached_passwords
# ------------------------------------------------------------

CREATE TABLE `common_breached_passwords` (
  `password` varchar(191) COLLATE utf8mb4_bin NOT NULL,
  PRIMARY KEY (`password`)
) ENGINE=InnoDB DEFAULT CHARSET=utf8mb4 COLLATE=utf8mb4_bin;



# Affichage de la table consents
# ------------------------------------------------------------

CREATE TABLE `consents` (
  `id` binary(16) NOT NULL,
  `consent_email_templates_id` binary(16) DEFAULT NULL,
  `data` mediumtext COLLATE utf8mb4_bin,
  `name` varchar(191) COLLATE utf8mb4_bin NOT NULL,
  `email_plus_email_templates_id` binary(16) DEFAULT NULL,
  PRIMARY KEY (`id`),
  UNIQUE KEY `consents_uk_1` (`name`),
  KEY `consents_fk_1` (`consent_email_templates_id`),
  KEY `consents_fk_2` (`email_plus_email_templates_id`),
  CONSTRAINT `consents_fk_1` FOREIGN KEY (`consent_email_templates_id`) REFERENCES `email_templates` (`id`),
  CONSTRAINT `consents_fk_2` FOREIGN KEY (`email_plus_email_templates_id`) REFERENCES `email_templates` (`id`)
) ENGINE=InnoDB DEFAULT CHARSET=utf8mb4 COLLATE=utf8mb4_bin;

LOCK TABLES `consents` WRITE;
/*!40000 ALTER TABLE `consents` DISABLE KEYS */;

INSERT INTO `consents` (`id`, `consent_email_templates_id`, `data`, `name`, `email_plus_email_templates_id`)
VALUES
	(X'93646765087B469EA1B6842144326BB9',X'6B148BD3DE024850B3D15C5F749F42AA',X'7B22636F756E7472794D696E696D756D416765466F7253656C66436F6E73656E74223A7B7D2C2264617461223A7B7D2C2264656661756C744D696E696D756D416765466F7253656C66436F6E73656E74223A31332C22656D61696C506C7573223A7B22656E61626C6564223A747275652C226D6178696D756D54696D65546F53656E64456D61696C496E486F757273223A34382C226D696E696D756D54696D65546F53656E64456D61696C496E486F757273223A32347D2C226D756C7469706C6556616C756573416C6C6F776564223A66616C73652C2276616C756573223A5B5D7D',X'434F50504120456D61696C2B',X'1C89F28A3ADC4B328579291BE719F5B7'),
	(X'958CBF7111664B5BB1CE33A9DD3C5DFD',X'6B148BD3DE024850B3D15C5F749F42AA',X'7B22636F756E7472794D696E696D756D416765466F7253656C66436F6E73656E74223A7B7D2C2264617461223A7B7D2C2264656661756C744D696E696D756D416765466F7253656C66436F6E73656E74223A31332C22656D61696C506C7573223A7B22656E61626C6564223A66616C73652C226D6178696D756D54696D65546F53656E64456D61696C496E486F757273223A34382C226D696E696D756D54696D65546F53656E64456D61696C496E486F757273223A32347D2C226D756C7469706C6556616C756573416C6C6F776564223A66616C73652C2276616C756573223A5B5D7D',X'434F50504120565043',NULL);

/*!40000 ALTER TABLE `consents` ENABLE KEYS */;
UNLOCK TABLES;


# Affichage de la table data_sets
# ------------------------------------------------------------

CREATE TABLE `data_sets` (
  `name` varchar(191) COLLATE utf8mb4_bin NOT NULL,
  `last_update_instant` bigint(20) NOT NULL,
  PRIMARY KEY (`name`)
) ENGINE=InnoDB DEFAULT CHARSET=utf8mb4 COLLATE=utf8mb4_bin;

LOCK TABLES `data_sets` WRITE;
/*!40000 ALTER TABLE `data_sets` DISABLE KEYS */;

INSERT INTO `data_sets` (`name`, `last_update_instant`)
VALUES
	(X'42726561636850617373776F726473',1581476456155);

/*!40000 ALTER TABLE `data_sets` ENABLE KEYS */;
UNLOCK TABLES;


# Affichage de la table email_templates
# ------------------------------------------------------------

CREATE TABLE `email_templates` (
  `id` binary(16) NOT NULL,
  `default_from_name` varchar(255) COLLATE utf8mb4_bin DEFAULT NULL,
  `default_html_template` text COLLATE utf8mb4_bin NOT NULL,
  `default_subject` varchar(255) COLLATE utf8mb4_bin NOT NULL,
  `default_text_template` text COLLATE utf8mb4_bin NOT NULL,
  `from_email` varchar(255) COLLATE utf8mb4_bin NOT NULL,
  `localized_from_names` text COLLATE utf8mb4_bin,
  `localized_html_templates` text COLLATE utf8mb4_bin NOT NULL,
  `localized_subjects` text COLLATE utf8mb4_bin NOT NULL,
  `localized_text_templates` text COLLATE utf8mb4_bin NOT NULL,
  `name` varchar(191) COLLATE utf8mb4_bin NOT NULL,
  PRIMARY KEY (`id`),
  UNIQUE KEY `email_templates_uk_1` (`name`)
) ENGINE=InnoDB DEFAULT CHARSET=utf8mb4 COLLATE=utf8mb4_bin;

LOCK TABLES `email_templates` WRITE;
/*!40000 ALTER TABLE `email_templates` DISABLE KEYS */;

INSERT INTO `email_templates` (`id`, `default_from_name`, `default_html_template`, `default_subject`, `default_text_template`, `from_email`, `localized_from_names`, `localized_html_templates`, `localized_subjects`, `localized_text_templates`, `name`)
VALUES
	(X'13B0ABBBFC5343E7B2557C508C3DE2B0',X'467573696F6E41757468',X'5B23696620726567697374726174696F6E2E76657269666965645D0A50726F207469702C20796F757220726567697374726174696F6E2068617320616C7265616479206265656E2076657269666965642C20627574206665656C206672656520746F20636F6D706C6574652074686520766572696669636174696F6E2070726F6365737320746F2076657269667920796F757220766572696669636174696F6E206F6620796F757220726567697374726174696F6E2E0A5B2F2369665D0A0A546F20636F6D706C65746520796F757220726567697374726174696F6E20766572696669636174696F6E20636C69636B206F6E2074686520666F6C6C6F77696E67206C696E6B2E0A3C703E0A20203C6120687265663D22687474703A2F2F6C6F63616C686F73743A393031312F726567697374726174696F6E2F7665726966792F247B766572696669636174696F6E49647D3F74656E616E7449643D247B757365722E74656E616E7449647D223E0A20202020687474703A2F2F6C6F63616C686F73743A393031312F726567697374726174696F6E2F7665726966792F247B766572696669636174696F6E49647D3F74656E616E7449643D247B757365722E74656E616E7449647D0A20203C2F613E0A3C2F703E0A2D20467573696F6E417574682041646D696E',X'56657269667920796F757220726567697374726174696F6E',X'5B23696620726567697374726174696F6E2E76657269666965645D0A50726F207469702C20796F757220726567697374726174696F6E2068617320616C7265616479206265656E2076657269666965642C20627574206665656C206672656520746F20636F6D706C6574652074686520766572696669636174696F6E2070726F6365737320746F2076657269667920796F757220766572696669636174696F6E206F6620796F757220726567697374726174696F6E2E0A5B2F2369665D0A0A546F20636F6D706C65746520796F757220726567697374726174696F6E20766572696669636174696F6E20636C69636B206F6E2074686520666F6C6C6F77696E67206C696E6B2E0A0A687474703A2F2F6C6F63616C686F73743A393031312F726567697374726174696F6E2F7665726966792F247B766572696669636174696F6E49647D3F74656E616E7449643D247B757365722E74656E616E7449647D0A0A2D20467573696F6E417574682041646D696E',X'6E6F2D7265706C7940667573696F6E617574682E696F',X'7B7D',X'7B7D',X'7B7D',X'7B7D',X'526567697374726174696F6E20566572696669636174696F6E'),
	(X'1C89F28A3ADC4B328579291BE719F5B7',X'467573696F6E41757468',X'41207768696C652061676F2C20796F75206772616E74656420796F7572206368696C6420636F6E73656E7420696E206F75722073797374656D2E205468697320656D61696C2069732061207365636F6E64206E6F74696365206F66207468697320636F6E73656E74206173207265717569726564206279206C617720616E6420616C736F20746F2072656D696E6420746F207468617420796F752063616E207265766F6B65207468697320636F6E73656E7420617420616E7974696D65206F6E206F75722077656273697465206F7220627920636C69636B696E6720746865206C696E6B2062656C6F773A0A3C703E0A20203C6120687265663D22687474703A2F2F6578616D706C652E636F6D2F636F6E73656E742F6D616E616765223E687474703A2F2F6578616D706C652E636F6D2F636F6E73656E742F6D616E6167653C2F613E0A3C2F703E0A2D20467573696F6E417574682041646D696E',X'52656D696E6465723A204E6F74696365206F6620796F757220636F6E73656E74',X'41207768696C652061676F2C20796F75206772616E74656420796F7572206368696C6420636F6E73656E7420696E206F75722073797374656D2E205468697320656D61696C2069732061207365636F6E64206E6F74696365206F66207468697320636F6E73656E74206173207265717569726564206279206C617720616E6420616C736F20746F2072656D696E6420746F207468617420796F752063616E207265766F6B65207468697320636F6E73656E7420617420616E7974696D65206F6E206F75722077656273697465206F7220627920636C69636B696E6720746865206C696E6B2062656C6F773A0A0A687474703A2F2F6578616D706C652E636F6D2F636F6E73656E742F6D616E6167650A0A2D20467573696F6E417574682041646D696E',X'6E6F2D7265706C7940667573696F6E617574682E696F',X'7B7D',X'7B7D',X'7B7D',X'7B7D',X'434F505041204E6F746963652052656D696E646572'),
	(X'5296D9F522424D7FB72B2EC762517758',X'467573696F6E41757468',X'5B23696620757365722E76657269666965645D0A50726F207469702C20796F757220656D61696C2068617320616C7265616479206265656E2076657269666965642C20627574206665656C206672656520746F20636F6D706C6574652074686520766572696669636174696F6E2070726F6365737320746F2076657269667920796F757220766572696669636174696F6E206F6620796F757220656D61696C20616464726573732E0A5B2F2369665D0A0A546F20636F6D706C65746520796F757220656D61696C20766572696669636174696F6E20636C69636B206F6E2074686520666F6C6C6F77696E67206C696E6B2E0A3C703E0A20203C6120687265663D22687474703A2F2F6C6F63616C686F73743A393031312F656D61696C2F7665726966792F247B766572696669636174696F6E49647D3F74656E616E7449643D247B757365722E74656E616E7449647D223E0A20202020687474703A2F2F6C6F63616C686F73743A393031312F656D61696C2F7665726966792F247B766572696669636174696F6E49647D3F74656E616E7449643D247B757365722E74656E616E7449647D0A20203C2F613E0A3C2F703E0A2D20467573696F6E417574682041646D696E',X'56657269667920796F757220467573696F6E4175746820656D61696C2061646472657373',X'5B23696620757365722E76657269666965645D0A50726F207469702C20796F757220656D61696C2068617320616C7265616479206265656E2076657269666965642C20627574206665656C206672656520746F20636F6D706C6574652074686520766572696669636174696F6E2070726F6365737320746F2076657269667920796F757220766572696669636174696F6E206F6620796F757220656D61696C20616464726573732E0A5B2F2369665D0A0A546F20636F6D706C65746520796F757220656D61696C20766572696669636174696F6E20636C69636B206F6E2074686520666F6C6C6F77696E67206C696E6B2E0A0A687474703A2F2F6C6F63616C686F73743A393031312F656D61696C2F7665726966792F247B766572696669636174696F6E49647D3F74656E616E7449643D247B757365722E74656E616E7449647D0A0A2D20467573696F6E417574682041646D696E',X'6E6F2D7265706C7940667573696F6E617574682E696F',X'7B7D',X'7B7D',X'7B7D',X'7B7D',X'456D61696C20566572696669636174696F6E'),
	(X'627218ED192B41FD8B4C0079741CEEB2',X'576556657269667920506C7567696E',X'3C703E596F7572206163636F756E7420686173206265656E20617070726F7665642E3C2F703E0D0A3C703E596F752063616E206E6F7720616363657373207468652072657374726963746564207365727669636573206F662074686520706C7567696E2E3C2F703E',X'576576657269667920417070726F76616C',X'596F7572206163636F756E7420686173206265656E20617070726F7665642E0D0A596F752063616E206E6F7720616363657373207468652072657374726963746564207365727669636573206F662074686520706C7567696E2E',X'656D61696C40656D61696C2E636F6D',X'7B7D',X'7B7D',X'7B7D',X'7B7D',X'576576657269667920417070726F76616C'),
	(X'6B148BD3DE024850B3D15C5F749F42AA',X'467573696F6E41757468',X'596F7520726563656E746C79206772616E74656420796F7572206368696C6420636F6E73656E7420696E206F75722073797374656D2E205468697320656D61696C20697320746F206E6F7469667920796F75206F66207468697320636F6E73656E742E20496620796F7520646964206E6F74206772616E74207468697320636F6E73656E74206F72207769736820746F207265766F6B65207468697320636F6E73656E742C20636C69636B20746865206C696E6B2062656C6F773A0A3C703E0A20203C6120687265663D22687474703A2F2F6578616D706C652E636F6D2F636F6E73656E742F6D616E616765223E687474703A2F2F6578616D706C652E636F6D2F636F6E73656E742F6D616E6167653C2F613E0A3C2F703E0A2D20467573696F6E417574682041646D696E',X'4E6F74696365206F6620796F757220636F6E73656E74',X'596F7520726563656E746C79206772616E74656420796F7572206368696C6420636F6E73656E7420696E206F75722073797374656D2E205468697320656D61696C20697320746F206E6F7469667920796F75206F66207468697320636F6E73656E742E20496620796F7520646964206E6F74206772616E74207468697320636F6E73656E74206F72207769736820746F207265766F6B65207468697320636F6E73656E742C20636C69636B20746865206C696E6B2062656C6F773A0A0A687474703A2F2F6578616D706C652E636F6D2F636F6E73656E742F6D616E6167650A0A2D20467573696F6E417574682041646D696E',X'6E6F2D7265706C7940667573696F6E617574682E696F',X'7B7D',X'7B7D',X'7B7D',X'7B7D',X'434F505041204E6F74696365'),
	(X'7C5B95DEA0454C89A7FA2FEE82654C7D',X'467573696F6E41757468',X'596F7520686176652072657175657374656420746F206C6F6720696E746F20467573696F6E41757468207573696E67207468697320656D61696C20616464726573732E20496620796F7520646F206E6F74207265636F676E697A652074686973207265717565737420706C656173652069676E6F7265207468697320656D61696C2E0A3C703E0A20203C6120687265663D22687474703A2F2F6C6F63616C686F73743A393031312F6F61757468322F70617373776F72646C6573732F247B636F64657D3F74656E616E7449643D247B757365722E74656E616E7449647D223E0A20202020687474703A2F2F6C6F63616C686F73743A393031312F6F61757468322F70617373776F72646C6573732F247B636F64657D3F74656E616E7449643D247B757365722E74656E616E7449647D0A20203C2F613E0A3C2F703E0A2D20467573696F6E417574682041646D696E',X'4C6F6720696E746F20467573696F6E41757468',X'596F7520686176652072657175657374656420746F206C6F6720696E746F20467573696F6E41757468207573696E67207468697320656D61696C20616464726573732E20496620796F7520646F206E6F74207265636F676E697A652074686973207265717565737420706C656173652069676E6F7265207468697320656D61696C2E0A0A687474703A2F2F6C6F63616C686F73743A393031312F6F61757468322F70617373776F72646C6573732F247B636F64657D3F74656E616E7449643D247B757365722E74656E616E7449647D0A0A2D20467573696F6E417574682041646D696E',X'6E6F2D7265706C7940667573696F6E617574682E696F',X'7B7D',X'7B7D',X'7B7D',X'7B7D',X'50617373776F72646C657373204C6F67696E'),
	(X'AF42155E200F43E4AEC849E0CBF2C182',X'467573696F6E41757468',X'596F7572206163636F756E7420686173206265656E206372656174656420616E6420796F75206D75737420736574757020612070617373776F72642E20436C69636B206F6E2074686520666F6C6C6F77696E67206C696E6B20746F20736574757020796F75722070617373776F72642E0A3C703E0A20203C6120687265663D22687474703A2F2F6C6F63616C686F73743A393031312F70617373776F72642F6368616E67652F247B6368616E676550617373776F726449647D3F74656E616E7449643D247B757365722E74656E616E7449647D223E0A20202020687474703A2F2F6C6F63616C686F73743A393031312F70617373776F72642F6368616E67652F247B6368616E676550617373776F726449647D3F74656E616E7449643D247B757365722E74656E616E7449647D0A20203C2F613E0A3C2F703E0A2D20467573696F6E417574682041646D696E',X'536574757020796F75722070617373776F7264',X'596F7572206163636F756E7420686173206265656E206372656174656420616E6420796F75206D75737420736574757020612070617373776F72642E20436C69636B206F6E2074686520666F6C6C6F77696E67206C696E6B20746F20736574757020796F75722070617373776F72642E0A0A687474703A2F2F6C6F63616C686F73743A393031312F70617373776F72642F6368616E67652F247B6368616E676550617373776F726449647D3F74656E616E7449643D247B757365722E74656E616E7449647D0A0A2D20467573696F6E417574682041646D696E',X'6E6F2D7265706C7940667573696F6E617574682E696F',X'7B7D',X'7B7D',X'7B7D',X'7B7D',X'53657475702050617373776F7264'),
	(X'D6BA39C1282D450B990C711C74EA965E',X'467573696F6E41757468',X'3C703E546869732070617373776F72642077617320666F756E6420696E20746865206C697374206F662076756C6E657261626C652070617373776F7264732C20616E64206973206E6F206C6F6E676572207365637572652E3C2F703E0A0A3C703E496E206F7264657220746F2073656375726520796F7572206163636F756E742C206974206973207265636F6D6D656E64656420746F206368616E676520796F75722070617373776F726420617420796F7572206561726C6965737420636F6E76656E69656E63652E3C2F703E0A0A3C703E466F6C6C6F772074686973206C696E6B20746F206368616E676520796F75722070617373776F72642E3C2F703E0A0A3C6120687265663D22687474703A2F2F6C6F63616C686F73743A393031312F70617373776F72642F666F72676F743F656D61696C3D247B757365722E656D61696C7D2674656E616E7449643D247B757365722E74656E616E7449647D223E0A2020687474703A2F2F6C6F63616C686F73743A393031312F70617373776F72642F666F72676F743F656D61696C3D247B757365722E656D61696C7D2674656E616E7449643D247B757365722E74656E616E7449647D0A3C2F613E0A0A2D20467573696F6E417574682041646D696E',X'596F75722070617373776F7264206973206E6F7420736563757265',X'546869732070617373776F72642077617320666F756E6420696E20746865206C697374206F662076756C6E657261626C652070617373776F7264732C20616E64206973206E6F206C6F6E676572207365637572652E0A0A496E206F7264657220746F2073656375726520796F7572206163636F756E742C206974206973207265636F6D6D656E64656420746F206368616E676520796F75722070617373776F726420617420796F7572206561726C6965737420636F6E76656E69656E63652E0A0A466F6C6C6F772074686973206C696E6B20746F206368616E676520796F75722070617373776F72642E0A0A687474703A2F2F6C6F63616C686F73743A393031312F70617373776F72642F666F72676F743F656D61696C3D247B757365722E656D61696C7D2674656E616E7449643D247B757365722E74656E616E7449647D0A0A2D20467573696F6E417574682041646D696E0A0A0A',X'6E6F2D7265706C7940667573696F6E617574682E696F',X'7B7D',X'7B7D',X'7B7D',X'7B7D',X'42726561636865642050617373776F7264204E6F74696669636174696F6E'),
	(X'E40AC79C075945C589A4FDE233A95F77',X'467573696F6E41757468',X'546F206368616E676520796F75722070617373776F726420636C69636B206F6E2074686520666F6C6C6F77696E67206C696E6B2E0A3C703E0A20203C6120687265663D22687474703A2F2F6C6F63616C686F73743A393031312F70617373776F72642F6368616E67652F247B6368616E676550617373776F726449647D3F74656E616E7449643D247B757365722E74656E616E7449647D223E0A20202020687474703A2F2F6C6F63616C686F73743A393031312F70617373776F72642F6368616E67652F247B6368616E676550617373776F726449647D3F74656E616E7449643D247B757365722E74656E616E7449647D0A20203C2F613E0A3C2F703E0A2D20467573696F6E417574682041646D696E',X'526573657420796F75722070617373776F7264',X'546F206368616E676520796F75722070617373776F726420636C69636B206F6E2074686520666F6C6C6F77696E67206C696E6B2E0A0A687474703A2F2F6C6F63616C686F73743A393031312F70617373776F72642F6368616E67652F247B6368616E676550617373776F726449647D3F74656E616E7449643D247B757365722E74656E616E7449647D0A0A2D20467573696F6E417574682041646D696E',X'6E6F2D7265706C7940667573696F6E617574682E696F',X'7B7D',X'7B7D',X'7B7D',X'7B7D',X'466F72676F742050617373776F7264'),
	(X'EB32DD35EDFF4CF4838D24D34E62A372',X'576556657269667920506C7567696E',X'596F7520686176652072657175657374656420746F206C6F6720696E746F20496E76696420576556657269667920506C7567696E207573696E67207468697320656D61696C20616464726573732E20496620796F7520646F206E6F74207265636F676E697A652074686973207265717565737420706C656173652069676E6F7265207468697320656D61696C2E0D0A3C703E0D0A2020506C65617365206D616E75616C6C7920656E74657220796F75722061636365737320636F64653A0D0A3C2F703E0D0A3C703E0D0A2020247B636F64657D0D0A3C2F703E',X'576576657269667920706C7567696E20616363657373',X'596F7520686176652072657175657374656420746F206C6F6720696E746F20496E76696420576556657269667920506C7567696E207573696E67207468697320656D61696C20616464726573732E20496620796F7520646F206E6F74207265636F676E697A652074686973207265717565737420706C656173652069676E6F7265207468697320656D61696C2E0D0A0D0A20506C65617365206D616E75616C6C7920656E74657220796F75722061636365737320636F64653A0D0A0D0A2020247B636F64657D',X'77657665726966792D706C7567696E40676D61696C2E636F6D',X'7B7D',X'7B7D',X'7B7D',X'7B7D',X'57657665726966792050617373776F72646C657373');

/*!40000 ALTER TABLE `email_templates` ENABLE KEYS */;
UNLOCK TABLES;


# Affichage de la table event_logs
# ------------------------------------------------------------

CREATE TABLE `event_logs` (
  `id` bigint(20) NOT NULL AUTO_INCREMENT,
  `insert_instant` bigint(20) NOT NULL,
  `message` text COLLATE utf8mb4_bin NOT NULL,
  `type` smallint(6) NOT NULL,
  PRIMARY KEY (`id`),
  KEY `event_logs_i1` (`insert_instant`)
) ENGINE=InnoDB DEFAULT CHARSET=utf8mb4 COLLATE=utf8mb4_bin;



# Affichage de la table external_identifiers
# ------------------------------------------------------------

CREATE TABLE `external_identifiers` (
  `id` varchar(191) COLLATE utf8mb4_bin NOT NULL,
  `applications_id` binary(16) DEFAULT NULL,
  `data` text COLLATE utf8mb4_bin,
  `insert_instant` bigint(20) NOT NULL,
  `tenants_id` binary(16) NOT NULL,
  `type` smallint(6) NOT NULL,
  `users_id` binary(16) DEFAULT NULL,
  PRIMARY KEY (`id`),
  KEY `external_identifiers_fk_1` (`users_id`),
  KEY `external_identifiers_fk_2` (`applications_id`),
  KEY `external_identifiers_i_1` (`tenants_id`,`type`,`insert_instant`),
  KEY `external_identifiers_i_2` (`type`,`users_id`,`applications_id`),
  CONSTRAINT `external_identifiers_fk_1` FOREIGN KEY (`users_id`) REFERENCES `users` (`id`),
  CONSTRAINT `external_identifiers_fk_2` FOREIGN KEY (`applications_id`) REFERENCES `applications` (`id`),
  CONSTRAINT `external_identifiers_fk_3` FOREIGN KEY (`tenants_id`) REFERENCES `tenants` (`id`)
) ENGINE=InnoDB DEFAULT CHARSET=utf8mb4 COLLATE=utf8mb4_bin;



# Affichage de la table failed_logins
# ------------------------------------------------------------

CREATE TABLE `failed_logins` (
  `count` int(11) NOT NULL,
  `last_failed_instant` bigint(20) NOT NULL,
  `tenants_id` binary(16) NOT NULL,
  `users_id` binary(16) NOT NULL,
  UNIQUE KEY `failed_logins_uk_1` (`users_id`),
  KEY `failed_logins_i_1` (`tenants_id`,`last_failed_instant`),
  CONSTRAINT `failed_logins_fk_1` FOREIGN KEY (`users_id`) REFERENCES `users` (`id`),
  CONSTRAINT `failed_logins_fk_2` FOREIGN KEY (`tenants_id`) REFERENCES `tenants` (`id`)
) ENGINE=InnoDB DEFAULT CHARSET=utf8mb4 COLLATE=utf8mb4_bin;



# Affichage de la table families
# ------------------------------------------------------------

CREATE TABLE `families` (
  `data` mediumtext COLLATE utf8mb4_bin,
  `family_id` binary(16) NOT NULL,
  `insert_instant` bigint(20) NOT NULL,
  `owner` bit(1) NOT NULL,
  `role` smallint(6) NOT NULL,
  `users_id` binary(16) NOT NULL,
  PRIMARY KEY (`family_id`,`users_id`),
  KEY `families_i_1` (`users_id`),
  CONSTRAINT `families_fk_1` FOREIGN KEY (`users_id`) REFERENCES `users` (`id`)
) ENGINE=InnoDB DEFAULT CHARSET=utf8mb4 COLLATE=utf8mb4_bin;



# Affichage de la table federated_domains
# ------------------------------------------------------------

CREATE TABLE `federated_domains` (
  `identity_providers_id` binary(16) NOT NULL,
  `domain` varchar(191) COLLATE utf8mb4_bin NOT NULL,
  UNIQUE KEY `federated_domains_uk_1` (`domain`),
  KEY `federated_domains_fk_1` (`identity_providers_id`),
  CONSTRAINT `federated_domains_fk_1` FOREIGN KEY (`identity_providers_id`) REFERENCES `identity_providers` (`id`)
) ENGINE=InnoDB DEFAULT CHARSET=utf8mb4 COLLATE=utf8mb4_bin;



# Affichage de la table global_daily_active_users
# ------------------------------------------------------------

CREATE TABLE `global_daily_active_users` (
  `count` int(11) NOT NULL,
  `day` int(11) NOT NULL,
  UNIQUE KEY `global_daily_active_users_uk_1` (`day`)
) ENGINE=InnoDB DEFAULT CHARSET=utf8mb4 COLLATE=utf8mb4_bin;

LOCK TABLES `global_daily_active_users` WRITE;
/*!40000 ALTER TABLE `global_daily_active_users` DISABLE KEYS */;

INSERT INTO `global_daily_active_users` (`count`, `day`)
VALUES
	(1,18337);

/*!40000 ALTER TABLE `global_daily_active_users` ENABLE KEYS */;
UNLOCK TABLES;


# Affichage de la table global_monthly_active_users
# ------------------------------------------------------------

CREATE TABLE `global_monthly_active_users` (
  `count` int(11) NOT NULL,
  `month` int(11) NOT NULL,
  UNIQUE KEY `global_monthly_active_users_uk_1` (`month`)
) ENGINE=InnoDB DEFAULT CHARSET=utf8mb4 COLLATE=utf8mb4_bin;

LOCK TABLES `global_monthly_active_users` WRITE;
/*!40000 ALTER TABLE `global_monthly_active_users` DISABLE KEYS */;

INSERT INTO `global_monthly_active_users` (`count`, `month`)
VALUES
	(1,602);

/*!40000 ALTER TABLE `global_monthly_active_users` ENABLE KEYS */;
UNLOCK TABLES;


# Affichage de la table global_registration_counts
# ------------------------------------------------------------

CREATE TABLE `global_registration_counts` (
  `count` int(11) NOT NULL,
  `decremented_count` int(11) NOT NULL,
  `hour` int(11) NOT NULL,
  UNIQUE KEY `global_registration_counts_uk_1` (`hour`)
) ENGINE=InnoDB DEFAULT CHARSET=utf8mb4 COLLATE=utf8mb4_bin;

LOCK TABLES `global_registration_counts` WRITE;
/*!40000 ALTER TABLE `global_registration_counts` DISABLE KEYS */;

INSERT INTO `global_registration_counts` (`count`, `decremented_count`, `hour`)
VALUES
	(1,0,440100);

/*!40000 ALTER TABLE `global_registration_counts` ENABLE KEYS */;
UNLOCK TABLES;


# Affichage de la table group_application_roles
# ------------------------------------------------------------

CREATE TABLE `group_application_roles` (
  `application_roles_id` binary(16) NOT NULL,
  `groups_id` binary(16) NOT NULL,
  UNIQUE KEY `group_application_roles_uk_1` (`groups_id`,`application_roles_id`),
  KEY `group_application_roles_fk_2` (`application_roles_id`),
  CONSTRAINT `group_application_roles_fk_1` FOREIGN KEY (`groups_id`) REFERENCES `groups` (`id`),
  CONSTRAINT `group_application_roles_fk_2` FOREIGN KEY (`application_roles_id`) REFERENCES `application_roles` (`id`)
) ENGINE=InnoDB DEFAULT CHARSET=utf8mb4 COLLATE=utf8mb4_bin;

LOCK TABLES `group_application_roles` WRITE;
/*!40000 ALTER TABLE `group_application_roles` DISABLE KEYS */;

INSERT INTO `group_application_roles` (`application_roles_id`, `groups_id`)
VALUES
	(X'631ECD9D8D404C13827780CEDB8236E2',X'6A3736D5109842A19A44A21992478AE3'),
	(X'FB1A2AC5F3D44FC99C3B24FA57ADD459',X'799CD77D2C3F45A6BE9D14F4EFB8172F');

/*!40000 ALTER TABLE `group_application_roles` ENABLE KEYS */;
UNLOCK TABLES;


# Affichage de la table group_members
# ------------------------------------------------------------

CREATE TABLE `group_members` (
  `id` binary(16) NOT NULL,
  `groups_id` binary(16) NOT NULL,
  `data` mediumtext COLLATE utf8mb4_bin,
  `insert_instant` bigint(20) NOT NULL,
  `users_id` binary(16) NOT NULL,
  PRIMARY KEY (`id`),
  UNIQUE KEY `group_members_uk_1` (`groups_id`,`users_id`),
  KEY `group_members_i_1` (`users_id`),
  CONSTRAINT `group_members_fk_1` FOREIGN KEY (`users_id`) REFERENCES `users` (`id`),
  CONSTRAINT `group_members_fk_2` FOREIGN KEY (`groups_id`) REFERENCES `groups` (`id`)
) ENGINE=InnoDB DEFAULT CHARSET=utf8mb4 COLLATE=utf8mb4_bin;

LOCK TABLES `group_members` WRITE;
/*!40000 ALTER TABLE `group_members` DISABLE KEYS */;

INSERT INTO `group_members` (`id`, `groups_id`, `data`, `insert_instant`, `users_id`)
VALUES
	(X'AA7C56F691B44F6FA822FCF2AFD2E726',X'6A3736D5109842A19A44A21992478AE3',X'7B7D',1584370053700,X'60B4DB47E46A418FBEA52556F718CEC1');

/*!40000 ALTER TABLE `group_members` ENABLE KEYS */;
UNLOCK TABLES;


# Affichage de la table groups
# ------------------------------------------------------------

CREATE TABLE `groups` (
  `id` binary(16) NOT NULL,
  `data` mediumtext COLLATE utf8mb4_bin,
  `name` varchar(191) COLLATE utf8mb4_bin NOT NULL,
  `tenants_id` binary(16) NOT NULL,
  PRIMARY KEY (`id`),
  UNIQUE KEY `groups_uk_1` (`name`,`tenants_id`),
  KEY `groups_fk_1` (`tenants_id`),
  CONSTRAINT `groups_fk_1` FOREIGN KEY (`tenants_id`) REFERENCES `tenants` (`id`)
) ENGINE=InnoDB DEFAULT CHARSET=utf8mb4 COLLATE=utf8mb4_bin;

LOCK TABLES `groups` WRITE;
/*!40000 ALTER TABLE `groups` DISABLE KEYS */;

INSERT INTO `groups` (`id`, `data`, `name`, `tenants_id`)
VALUES
	(X'5E59CE6DB8784980A0CB658341ECFD29',X'7B7D',X'57657665726966792057616974696E6720666F7220417070726F76616C09',X'63306265613733353163666231353737'),
	(X'6A3736D5109842A19A44A21992478AE3',X'7B7D',X'41646D696E697374726174696F6E',X'63306265613733353163666231353737'),
	(X'799CD77D2C3F45A6BE9D14F4EFB8172F',X'7B7D',X'576576657269667920557365727309',X'63306265613733353163666231353737');

/*!40000 ALTER TABLE `groups` ENABLE KEYS */;
UNLOCK TABLES;


# Affichage de la table hourly_logins
# ------------------------------------------------------------

CREATE TABLE `hourly_logins` (
  `applications_id` binary(16) NOT NULL,
  `count` int(11) NOT NULL,
  `data` text COLLATE utf8mb4_bin,
  `hour` int(11) NOT NULL,
  UNIQUE KEY `hourly_logins_uk_1` (`applications_id`,`hour`),
  CONSTRAINT `hourly_logins_fk_1` FOREIGN KEY (`applications_id`) REFERENCES `applications` (`id`)
) ENGINE=InnoDB DEFAULT CHARSET=utf8mb4 COLLATE=utf8mb4_bin;

LOCK TABLES `hourly_logins` WRITE;
/*!40000 ALTER TABLE `hourly_logins` DISABLE KEYS */;

INSERT INTO `hourly_logins` (`applications_id`, `count`, `data`, `hour`)
VALUES
	(X'3C219E58ED0E4B18AD48F4F92793AE32',3,NULL,440102),
	(X'3C219E58ED0E4B18AD48F4F92793AE32',1,NULL,440123);

/*!40000 ALTER TABLE `hourly_logins` ENABLE KEYS */;
UNLOCK TABLES;


# Affichage de la table identities
# ------------------------------------------------------------

CREATE TABLE `identities` (
  `id` bigint(20) NOT NULL AUTO_INCREMENT,
  `breached_password_last_checked_instant` bigint(20) DEFAULT NULL,
  `breached_password_status` smallint(6) DEFAULT NULL,
  `email` varchar(191) COLLATE utf8mb4_bin DEFAULT NULL,
  `encryption_scheme` varchar(255) COLLATE utf8mb4_bin NOT NULL,
  `factor` int(11) NOT NULL,
  `last_login_instant` bigint(20) DEFAULT NULL,
  `password` varchar(255) COLLATE utf8mb4_bin NOT NULL,
  `password_change_reason` smallint(6) DEFAULT NULL,
  `password_change_required` bit(1) NOT NULL,
  `password_last_update_instant` bigint(20) NOT NULL,
  `salt` varchar(255) COLLATE utf8mb4_bin NOT NULL,
  `status` smallint(6) NOT NULL,
  `tenants_id` binary(16) NOT NULL,
  `two_factor_delivery` smallint(6) NOT NULL,
  `two_factor_enabled` bit(1) NOT NULL,
  `two_factor_secret` varchar(255) COLLATE utf8mb4_bin DEFAULT NULL,
  `username` varchar(191) COLLATE utf8mb4_bin DEFAULT NULL,
  `username_index` varchar(191) COLLATE utf8mb4_bin DEFAULT NULL,
  `username_status` smallint(6) NOT NULL,
  `users_id` binary(16) NOT NULL,
  `verified` bit(1) NOT NULL,
  PRIMARY KEY (`id`),
  UNIQUE KEY `identities_uk_1` (`email`,`tenants_id`),
  UNIQUE KEY `identities_uk_2` (`username_index`,`tenants_id`),
  KEY `identities_fk_1` (`tenants_id`),
  KEY `identities_i_1` (`users_id`),
  CONSTRAINT `identities_fk_1` FOREIGN KEY (`tenants_id`) REFERENCES `tenants` (`id`),
  CONSTRAINT `identities_fk_2` FOREIGN KEY (`users_id`) REFERENCES `users` (`id`)
) ENGINE=InnoDB DEFAULT CHARSET=utf8mb4 COLLATE=utf8mb4_bin;

LOCK TABLES `identities` WRITE;
/*!40000 ALTER TABLE `identities` DISABLE KEYS */;

INSERT INTO `identities` (`id`, `breached_password_last_checked_instant`, `breached_password_status`, `email`, `encryption_scheme`, `factor`, `last_login_instant`, `password`, `password_change_reason`, `password_change_required`, `password_last_update_instant`, `salt`, `status`, `tenants_id`, `two_factor_delivery`, `two_factor_enabled`, `two_factor_secret`, `username`, `username_index`, `username_status`, `users_id`, `verified`)
VALUES
	(1,NULL,NULL,X'77657665726966794077657665726966792E6575',X'73616C7465642D70626B6466322D686D61632D736861323536',24000,1584443507849,X'5446534943524331474931354743506E4B58774D3564416E727446614D524D736B736E4B4E4E5136376C383D',NULL,b'0',1584369888692,X'6D56484364596F7632495A4159373976794378506A704546326536635533444E6E2F4B4D364972595455343D',0,X'63306265613733353163666231353737',0,b'0',NULL,NULL,NULL,0,X'60B4DB47E46A418FBEA52556F718CEC1',b'1');

/*!40000 ALTER TABLE `identities` ENABLE KEYS */;
UNLOCK TABLES;


# Affichage de la table identity_providers
# ------------------------------------------------------------

CREATE TABLE `identity_providers` (
  `id` binary(16) NOT NULL,
  `data` text COLLATE utf8mb4_bin NOT NULL,
  `enabled` bit(1) NOT NULL,
  `name` varchar(191) COLLATE utf8mb4_bin NOT NULL,
  `type` varchar(255) COLLATE utf8mb4_bin NOT NULL,
  `keys_id` binary(16) DEFAULT NULL,
  `reconcile_lambdas_id` binary(16) DEFAULT NULL,
  PRIMARY KEY (`id`),
  UNIQUE KEY `identity_providers_uk_1` (`name`),
  KEY `identity_providers_fk_1` (`keys_id`),
  KEY `identity_providers_fk_2` (`reconcile_lambdas_id`),
  CONSTRAINT `identity_providers_fk_1` FOREIGN KEY (`keys_id`) REFERENCES `keys` (`id`),
  CONSTRAINT `identity_providers_fk_2` FOREIGN KEY (`reconcile_lambdas_id`) REFERENCES `lambdas` (`id`)
) ENGINE=InnoDB DEFAULT CHARSET=utf8mb4 COLLATE=utf8mb4_bin;



# Affichage de la table identity_providers_applications
# ------------------------------------------------------------

CREATE TABLE `identity_providers_applications` (
  `applications_id` binary(16) NOT NULL,
  `identity_providers_id` binary(16) NOT NULL,
  `data` text COLLATE utf8mb4_bin NOT NULL,
  `enabled` bit(1) NOT NULL,
  KEY `identity_providers_applications_fk_1` (`applications_id`),
  KEY `identity_providers_applications_fk_2` (`identity_providers_id`),
  CONSTRAINT `identity_providers_applications_fk_1` FOREIGN KEY (`applications_id`) REFERENCES `applications` (`id`),
  CONSTRAINT `identity_providers_applications_fk_2` FOREIGN KEY (`identity_providers_id`) REFERENCES `identity_providers` (`id`)
) ENGINE=InnoDB DEFAULT CHARSET=utf8mb4 COLLATE=utf8mb4_bin;



# Affichage de la table instance
# ------------------------------------------------------------

CREATE TABLE `instance` (
  `id` binary(16) NOT NULL,
  `encryption_key` varchar(255) COLLATE utf8mb4_bin DEFAULT NULL,
  `license_id` varchar(255) COLLATE utf8mb4_bin DEFAULT NULL
) ENGINE=InnoDB DEFAULT CHARSET=utf8mb4 COLLATE=utf8mb4_bin;

LOCK TABLES `instance` WRITE;
/*!40000 ALTER TABLE `instance` DISABLE KEYS */;

INSERT INTO `instance` (`id`, `encryption_key`, `license_id`)
VALUES
	(X'65383535663830343262656237313631',NULL,NULL);

/*!40000 ALTER TABLE `instance` ENABLE KEYS */;
UNLOCK TABLES;


# Affichage de la table integrations
# ------------------------------------------------------------

CREATE TABLE `integrations` (
  `data` text COLLATE utf8mb4_bin NOT NULL
) ENGINE=InnoDB DEFAULT CHARSET=utf8mb4 COLLATE=utf8mb4_bin;

LOCK TABLES `integrations` WRITE;
/*!40000 ALTER TABLE `integrations` DISABLE KEYS */;

INSERT INTO `integrations` (`data`)
VALUES
	(X'7B7D');

/*!40000 ALTER TABLE `integrations` ENABLE KEYS */;
UNLOCK TABLES;


# Affichage de la table keys
# ------------------------------------------------------------

CREATE TABLE `keys` (
  `id` binary(16) NOT NULL,
  `algorithm` varchar(10) COLLATE utf8mb4_bin DEFAULT NULL,
  `certificate` text COLLATE utf8mb4_bin,
  `expiration_instant` bigint(20) DEFAULT NULL,
  `insert_instant` bigint(20) NOT NULL,
  `issuer` varchar(255) COLLATE utf8mb4_bin DEFAULT NULL,
  `kid` varchar(191) COLLATE utf8mb4_bin NOT NULL,
  `name` varchar(191) COLLATE utf8mb4_bin NOT NULL,
  `private_key` text COLLATE utf8mb4_bin,
  `public_key` text COLLATE utf8mb4_bin,
  `secret` text COLLATE utf8mb4_bin,
  `type` varchar(10) COLLATE utf8mb4_bin NOT NULL,
  PRIMARY KEY (`id`),
  UNIQUE KEY `keys_uk_1` (`kid`),
  UNIQUE KEY `keys_uk_2` (`name`)
) ENGINE=InnoDB DEFAULT CHARSET=utf8mb4 COLLATE=utf8mb4_bin;

LOCK TABLES `keys` WRITE;
/*!40000 ALTER TABLE `keys` DISABLE KEYS */;

INSERT INTO `keys` (`id`, `algorithm`, `certificate`, `expiration_instant`, `insert_instant`, `issuer`, `kid`, `name`, `private_key`, `public_key`, `secret`, `type`)
VALUES
	(X'092DBEDC30AF41499C61B578F2C72F59',X'4853323536',NULL,NULL,1584360513000,NULL,X'31613231653331623166',X'4F70656E494420436F6E6E65637420636F6D706C69616E7420484D4143207573696E67205348412D323536',NULL,NULL,NULL,X'484D4143'),
	(X'4B8F1C06518E45BD9AC5D549686AE02A',X'4853333834',NULL,NULL,1584360514000,NULL,X'30343766383734393838',X'4F70656E494420436F6E6E65637420636F6D706C69616E7420484D4143207573696E67205348412D333834',NULL,NULL,NULL,X'484D4143'),
	(X'65643734333132643966343461663265',X'4853323536',NULL,NULL,1584360512000,NULL,X'61303439333433633139',X'44656661756C74207369676E696E67206B6579',NULL,NULL,X'596D49774D6D5A6B5A446C6D4E57466859544D334E7A51794E7A6C6A4E7A4A68596D566C4E44557A4D446B3D',X'484D4143'),
	(X'BA7F5343A0CF4EDB90CF3D5879498E38',X'5253323536',X'2D2D2D2D2D424547494E2043455254494649434154452D2D2D2D2D0A4D49494374544343415A32674177494241514952414C702F55304F677A3037626B4D383957486C4A6A6A67774451594A4B6F5A496876634E4151454C425141770A466A45554D4249474131554541784D4C643256325A584A705A6E6B755A5855774868634E4D6A41774D7A45324D5449314D6A41325768634E4D7A41774D7A45320A4D5449314D6A4132576A41574D5251774567594456515144457774335A585A6C636D6C6D6553356C64544343415349774451594A4B6F5A496876634E415145420A42514144676745504144434341516F436767454241494A6E6536566E677277757542722B665254724942745037766177416D5953613864384A594B57385463550A49697659797675387A4750367235764F6A6C3543506E36383259522B69676E47464A77764A487443675133774632616D496A2B616A2B6E4858567A62593632730A3079425A694D6D386452446F716D4669464241325372767A6475346136436D713234765471483731572B4E593874584D7262446D565A4D5032704241723338490A384E72732B3063417877624C4D5251525A74335079364D5159424B486654337566364F34753433645A526B5A4259674E5734343739465A4B326431753955696A0A712B2B356173747245676D614D57654D78334E48655136434B76436E552B5031326669485152354B66554E43434553566A534C74594D3146786A4E4E525172660A6F5469434E52612B393048792F745743454354775A5A773959504174624A7161796D592F49386D474B6A4D43417745414154414E42676B71686B6947397730420A4151734641414F4341514541534B30345454456638716D5A6A34582B726D6A41565571694878734657396177635842676332636D3830316C37596974355677610A716236314A61394B414971315257706E4764592F3734317634334B6966762F773433527569734D397A4F545A6B63384C55525870314E742B4F6B6F36664B68440A36453563712B686C3867334A76536157383549394D6459467677315371324C345756717A2F53657250434F7648546C5435646D47533133366D41645135464C690A512F66466C3273346B62313155776350316C4563365272754474724D727238376B3335786A794E503330363368727462526631436E67596169556566665178440A42685A6345664C6B4249797748516E443749456E6C4B3378726A416D66776946697545682F6350615565536E576A71686C764C77514A34436D3667384D564A5A0A545470706C6C352F51476E726A4C38446B4B574B733753354D4D666E77384E4372513D3D0A2D2D2D2D2D454E442043455254494649434154452D2D2D2D2D',1899895926728,1584363126728,X'77657665726966792E6575',X'57473573597A6D4451554B374B55395A54574762714A567A4E6F38',X'496420746F6B656E207369676E696E67206B65792067656E65726174656420666F72206170706C69636174696F6E207477696E742D77726170706572',X'2D2D2D2D2D424547494E2050524956415445204B45592D2D2D2D2D0A4D494945765149424144414E42676B71686B6947397730424151454641415343424B63776767536A41674541416F4942415143435A33756C5A344B384C7267610A2F6E305536794162542B373273414A6D456D7648664357436C76453346434972324D7237764D786A2B712B627A6F3565516A352B764E6D45666F6F4A786853630A4C795237516F454E3842646D7069492F6D6F2F707831316332324F74724E4D6757596A4A76485551364B7068596851514E6B713738336275477567707174754C0A3036682B3956766A57504C567A4B3277356C575444397151514B392F4350446137507448414D6347797A4555455762647A38756A4547415368333039376E2B6A0A754C754E3357555A475157494456754F4F2F525753746E64627656496F3676767557724C6178494A6D6A466E6A4D647A52336B4F676972777031506A39646E340A68304565536E3144516768456C5930693757444E5263597A5455554B33364534676A555776766442387637566768416B38475763505744774C5779616D73706D0A5079504A68696F7A41674D4241414543676745415546686F45316F36623632745731787650734D377266684B2B4930726653356558374E362F5148354C77466C0A714852545A46564837565859657677434E637445374274355061776C6171347A70714E5A4B2B536D315371586B48524E35376859635361587649326A316138460A4367714151434F775554473551485549665A436C375457746B6A6A623045686F4B7266484F696E3861704130566B78637641432B75765271717252674C4C6B340A75564F2B5676776C656C3169314756303534396C656C41702F2B6B38714846392F41624848346D4136584D546F72766E4365756E783630753834634C3830432B0A542F303531354538313348486575775A32704B2B587859554769306D48724E67476E42754965624777416F33326744473774546B473262752F4651732B3469340A6648456673635478626F36565636726B33567755426F4751712F63554E70686239704E33496E72434D514B4267514446465861795262596D39495741433053320A46415276434F486F774939396F5467627A7A6B757765416274467938515145634F4A3558726E2B3172776D324E506C5A7473746C4E5930627445704953777A760A5A367130326B33396E506F4735564C37557470494269346345546F2B7339744A486B63725876324B497A7374724A4B57666F51587A48464A6F427175566B55770A746A53584B4851646A716747726E2B59304B79634774325361514B4267514370597942314531747930653938665977736266434955574F436F76445A697677740A58456153644E59312B7835694B4266482B75537157507471655537675238475137517A53662B52775A643438633573346E674B654939744C344A734C315859700A616B59443668496B6C4A33554C55366A732B347545786E65526B684B45374E733337723552486432704A4351362F715059677737653546674A343644696355790A416D742F4E4D534D4F774B426747357A746637354E4C6D6D526E395A55567664346849385879647261372B54722F6464376F5532344A754750496241773565470A583639794F31366552346F584C44764D527A646B694C326A45424A754255545379346670354E576975546C4F496E42356F5A3346344F65582F425753424F35340A69706853397A4D49786179325437304B45497570357A2F452B38384379476F685931336E72524F336C4A4753454336626E48457357557370416F4741626149390A4E636D726E4F754961446B53617764566363584C394A666C3738666E5A4B79652B4E6771645A48746E6E5A3476665544333858734A49515471314B4756486B350A6E5630747A426F4339336D5438396442746E316179516539457247383478316E3538797570594B546A4F737552514B476E4D65384C494F73386C56434171766B0A5A73594C314879374854472F594F4B444C46545553546F5249633467466A672B76337931346C554367594541753139466E6F6D576841665974475A666B4958690A3534525847623259483155306B5577312F2B2F486E4B2F636A76374443364C2F67315972796871516777723879766F6F546F3767582B593357324C356D3571740A3674495445387470486F7A4D6143316A783462774F38306572565652305374737A32446677555531324C493732795073677A7965324C49584A56772F563961570A32625837436737325746656738584D634A6E75714551773D0A2D2D2D2D2D454E442050524956415445204B45592D2D2D2D2D',X'2D2D2D2D2D424547494E205055424C4943204B45592D2D2D2D2D0A4D494942496A414E42676B71686B6947397730424151454641414F43415138414D49494243674B4341514541676D6437705765437643363447763539464F73670A47302F75397241435A684A727833776C677062784E7851694B396A4B2B377A4D592F71766D38364F586B492B66727A5A6848364B436359556E43386B65304B420A446641585A7159695035715036636464584E746A72617A5449466D4979627831454F69715957495545445A4B752F4E323768726F4B61726269394F6F667656620A34316A7931637974734F5A566B772F616B45437666776A7732757A3752774448427373784642466D33632F4C6F784267456F64395065352F6F3769376A64316C0A47526B46694131626A6A7630566B725A33573731534B4F7237376C7179327353435A6F785A347A4863306435446F4971384B6454342F585A2B496442486B70390A51304949524A574E497531677A5558474D30314643742B684F4949314672373351664C2B315949514A50426C6E443167384331736D70724B5A6A386A795959710A4D774944415141420A2D2D2D2D2D454E44205055424C4943204B45592D2D2D2D2D',NULL,X'525341'),
	(X'C753A44D7F2E48D3BC4EC2C16488A23B',X'4853353132',NULL,NULL,1584360515000,NULL,X'62323265393430306336',X'4F70656E494420436F6E6E65637420636F6D706C69616E7420484D4143207573696E67205348412D353132',NULL,NULL,NULL,X'484D4143'),
	(X'C9B32482B4644D93A6163AE4658C0134',X'5253323536',X'2D2D2D2D2D424547494E2043455254494649434154452D2D2D2D2D0A4D49494374544343415A32674177494241514952414D6D7A4A494B305A453254706859363547574D415451774451594A4B6F5A496876634E4151454C425141770A466A45554D4249474131554541784D4C643256325A584A705A6E6B755A5855774868634E4D6A41774D7A45324D5449314D6A41325768634E4D7A41774D7A45320A4D5449314D6A4132576A41574D5251774567594456515144457774335A585A6C636D6C6D6553356C64544343415349774451594A4B6F5A496876634E415145420A42514144676745504144434341516F4367674542414D36556C6E586C6952783066686F4D2F6A313059695A764E74356A654C41705A4E3264516F2F4A6E5675620A537774546E536E61644A2F3566352B7A767A4562647335397A52513554625442726A305379766532646C71305945704E57416B544578556977493875705451570A6B2F3742566F445568493755616143536B376C2B68504838345031374150662F2F45456F4D4166682B5052304374664457515144384576616A7A41744B7045440A327475706B734C7167724F57726B4E7377356F4C4E44352B334E336354692B70646D6B6638756F6F6465555A2F526B447746775552313959706B762B5A772B700A504B45524438717647474B356C74326550467636512F7437646A31486A703473624742394572497A6E61307676746A796B56586C2F5A656930424245576939630A5157754B3948386D5139636C71424A676E4C6973534672526C5A79662F646E497174634B61437346646B6B43417745414154414E42676B71686B6947397730420A4151734641414F43415145416555334272716E724C376E6945454B443976775336503676705A4663545759507973644D50305A47686454547656306A4B6355330A546657396D6D4356374442507A4A4753347978677A7555525339394B5454387750594A6E3654514D64742F526F6138732F5937776770676969337630594436710A51696978596461754C534A4C42594F664B576A777149636A4247744B496E6C536370536172365775473130595A68695941685A385448343143482B706C47766F0A6B2B4B726954514170307A4E416474334B396F2B6E56696A7334455561694C4C3735555745444752526D787054323551692F5233796F587A4347596B797667370A3642454E4243746D3258332F6F2B564138393065722B54387534556A31417A365041624552466375597A6B57512F526A4C6C694C5531727663664976537877790A78574473634877304E5334726A34435866323966567251677730674447584C5476413D3D0A2D2D2D2D2D454E442043455254494649434154452D2D2D2D2D',1899895926539,1584363126539,X'77657665726966792E6575',X'567576516F69514D36765F4C516E6C576B4A78452D774552574851',X'41636365737320746F6B656E207369676E696E67206B65792067656E65726174656420666F72206170706C69636174696F6E207477696E742D77726170706572',X'2D2D2D2D2D424547494E2050524956415445204B45592D2D2D2D2D0A4D494945766749424144414E42676B71686B6947397730424151454641415343424B67776767536B41674541416F49424151444F6C4A5A3135596B63644834610A445034396447496D627A6265593369774B5754646E554B50795A31626D30734C55353070326E53662B582B66733738784733624F666330554F553230776134390A45737233746E5A617447424B5456674A45784D56497343504C7155304670502B775661413149534F31476D676B704F35666F54782F4F4439657744332F2F78420A4B44414834666A306441725877316B45412F424C326F38774C53715241397262715A4C43366F4B7A6C713544624D4F61437A512B66747A643345347671585A700A482F4C714B48586C4766305A4138426346456466574B5A4C2F6D63507154796845512F4B72786869755A62646E6A78622B6B503765335939523436654C4778670A66524B794D3532744C37375938704656356632586F74415152466F76584546726976522F4A6B50584A616753594A793472456861305A57636E2F335A794B72580A436D677242585A4A41674D4241414543676745414761564971496F2B5931487939626A334E786E6A7458484A46674B7A554F74536F6C434C6D74346B73754B730A686C4E7A4232636659317A4F417A3246567374614448694270536B594249436D364E34555A4877365A546850572B6F4F4B3949365A4431554F6E4A49414264740A65417234656A586E33764E767959646F33335A646573307941555872384E334F71796761446D423354364734567544686843595A4274477A52502F5763506F590A5342524E676134584B76683230364C326E7263495867346744566C5339756B6B50674149795733337041666770624238692F7465476746774337774344636A330A5A784B417672346A614D4E544875636E4E5461696F6C5753744E69796D70385337694255474777627457795A344A446F42715174504372746456314C562F66430A4F6A2B53484463326664586D4B6A326E6F394D796F702B39562B593257544731376E594E543576726F514B4267514433714666563476364C7567316F477235470A4B6E314F552B6D7A466F41446947692B3571434C31304D304E395A77425847614D4B756A45324A63484F494738636F74717444525471546D5242674532587A5A0A4161534931637A644B33594D2B7462524B702F5A586B36376468416267346E62726839446377415535636E36324A716C78423063413567372F4E4C61796474480A5866306C4C544C5349654E6C7A487378616C42387249667A70774B42675144566967544A686A497244437A57413539513142435237756A4C52693835527664640A374A625A7A2F6F646E6930414D4875733834654A736D314B42584D4A642B5275336359715473506C346747624167754D50766357766A66672F46436B6864534D0A38303675476A3564777849524C457038426F727968496C426B31766B56575A7167567A58334379486B5841676D54503336315753776B2F35334D76416D5146370A6274334D476B52456A774B426742624F5073426F646335434A4D666F5A6F73706B4835744263464447696935494151735571357439546453795146707A7574470A2F68633353734232764732745346507150653534556F454E316A526B487259524336693648334A696453312B7A396456474945347951464550766C35704846420A57496D71686D426D524C492F7A67586A79465A7A456B7137336D4C6459623778726355466F3339734E586544572F6A52394856326F644A54416F4742414D4D510A69467A374C4872736255793346474C47786267356B5169587657334B4B512F776E7343723375514E615468434563676B306F787A704B67346F43526E4642492B0A6E745A7043305446467768646275555859366D76362B576E4E3565433957346F6D4A67734F777031747478664A45393176706E5A666E5362777861712B4A71550A5035616B647A304547335237337541375A766C676261526E454F324946375745796A4733554F4E37416F4742414C37396D516A766D524E3877314855755A41350A6C3661666D334A77696D41634356706C737348496F2F4F757A7A7A4F626F6A3547566242765970467477772B754A636F474175327244356963543359456D72480A6A6B6F6736536E36635A35694E51774E74474F475551324A6C63337150733353333352385A415A466D783169437937613078786B38616233686474345A5071540A77356953766D384F2F7A4A5575466642705772464D2B76610A2D2D2D2D2D454E442050524956415445204B45592D2D2D2D2D',X'2D2D2D2D2D424547494E205055424C4943204B45592D2D2D2D2D0A4D494942496A414E42676B71686B6947397730424151454641414F43415138414D49494243674B43415145417A7053576465574A4848522B47677A2B505852690A4A6D3832336D4E3473436C6B335A31436A386D645735744C43314F644B6470306E2F6C2F6E374F2F4D5274327A6E334E46446C4E744D477550524C4B39375A320A57725267536B315943524D5446534C416A79366C4E4261542F734657674E53456A7452706F4A4B547558364538667A672F587341392F2F3851536777422B48340A3948514B31384E5A42415077533971504D4330716B51506132366D53777571437335617551327A446D677330506E37633364784F4C366C3261522F79366968310A35526E3947515041584252485831696D532F356E44366B386F5245507971385959726D57335A3438572F70442B3374325055654F6E69787359483053736A4F640A72532B2B32504B52566558396C364C51454552614C3178426134723066795A443179576F456D4363754B7849577447566E4A2F39326369713177706F4B7756320A53514944415141420A2D2D2D2D2D454E44205055424C4943204B45592D2D2D2D2D',NULL,X'525341');

/*!40000 ALTER TABLE `keys` ENABLE KEYS */;
UNLOCK TABLES;


# Affichage de la table lambdas
# ------------------------------------------------------------

CREATE TABLE `lambdas` (
  `id` binary(16) NOT NULL,
  `body` mediumtext COLLATE utf8mb4_bin NOT NULL,
  `debug` bit(1) NOT NULL,
  `enabled` bit(1) NOT NULL,
  `insert_instant` bigint(20) NOT NULL,
  `name` varchar(255) COLLATE utf8mb4_bin NOT NULL,
  `type` smallint(6) NOT NULL,
  PRIMARY KEY (`id`)
) ENGINE=InnoDB DEFAULT CHARSET=utf8mb4 COLLATE=utf8mb4_bin;



# Affichage de la table locks
# ------------------------------------------------------------

CREATE TABLE `locks` (
  `type` varchar(191) COLLATE utf8mb4_bin NOT NULL,
  `update_instant` bigint(20) DEFAULT NULL,
  PRIMARY KEY (`type`)
) ENGINE=InnoDB DEFAULT CHARSET=utf8mb4 COLLATE=utf8mb4_bin;

LOCK TABLES `locks` WRITE;
/*!40000 ALTER TABLE `locks` DISABLE KEYS */;

INSERT INTO `locks` (`type`, `update_instant`)
VALUES
	(X'46616D696C79',NULL),
	(X'5265696E646578',NULL),
	(X'55736572416374696F6E456E644576656E74',NULL),
	(X'636F6D2E696E766572736F66742E6D6967726174696F6E2E4D69677261746F72',NULL);

/*!40000 ALTER TABLE `locks` ENABLE KEYS */;
UNLOCK TABLES;


# Affichage de la table master_record
# ------------------------------------------------------------

CREATE TABLE `master_record` (
  `id` binary(16) NOT NULL,
  `instant` bigint(20) NOT NULL
) ENGINE=InnoDB DEFAULT CHARSET=utf8mb4 COLLATE=utf8mb4_bin;

LOCK TABLES `master_record` WRITE;
/*!40000 ALTER TABLE `master_record` DISABLE KEYS */;

INSERT INTO `master_record` (`id`, `instant`)
VALUES
	(X'4D59AE827E42429E99C355DFA3AACD68',1584443460863);

/*!40000 ALTER TABLE `master_record` ENABLE KEYS */;
UNLOCK TABLES;


# Affichage de la table migrations
# ------------------------------------------------------------

CREATE TABLE `migrations` (
  `name` varchar(191) COLLATE utf8mb4_bin NOT NULL,
  `run_instant` bigint(20) NOT NULL,
  PRIMARY KEY (`name`)
) ENGINE=InnoDB DEFAULT CHARSET=utf8mb4 COLLATE=utf8mb4_bin;

LOCK TABLES `migrations` WRITE;
/*!40000 ALTER TABLE `migrations` DISABLE KEYS */;

INSERT INTO `migrations` (`name`, `run_instant`)
VALUES
	(X'696F2E667573696F6E617574682E6170692E6D6967726174696F6E2E67756963652E4D6967726174696F6E5F315F31305F30',1584360525547),
	(X'696F2E667573696F6E617574682E6170692E6D6967726174696F6E2E67756963652E4D6967726174696F6E5F315F31335F30',1584360525560),
	(X'696F2E667573696F6E617574682E6170692E6D6967726174696F6E2E67756963652E4D6967726174696F6E5F315F365F30',1584360525460),
	(X'696F2E667573696F6E617574682E6170692E6D6967726174696F6E2E67756963652E4D6967726174696F6E5F315F375F30',1584360525493),
	(X'696F2E667573696F6E617574682E6170692E6D6967726174696F6E2E67756963652E4D6967726174696F6E5F315F385F30',1584360525517),
	(X'696F2E667573696F6E617574682E6170692E6D6967726174696F6E2E67756963652E4D6967726174696F6E5F315F395F32',1584360525533);

/*!40000 ALTER TABLE `migrations` ENABLE KEYS */;
UNLOCK TABLES;


# Affichage de la table nodes
# ------------------------------------------------------------

CREATE TABLE `nodes` (
  `id` binary(16) NOT NULL,
  `insert_instant` bigint(20) NOT NULL,
  `last_checkin_instant` bigint(20) NOT NULL,
  `url` varchar(255) COLLATE utf8mb4_bin NOT NULL,
  PRIMARY KEY (`id`)
) ENGINE=InnoDB DEFAULT CHARSET=utf8mb4 COLLATE=utf8mb4_bin;

LOCK TABLES `nodes` WRITE;
/*!40000 ALTER TABLE `nodes` DISABLE KEYS */;

INSERT INTO `nodes` (`id`, `insert_instant`, `last_checkin_instant`, `url`)
VALUES
	(X'4D59AE827E42429E99C355DFA3AACD68',1584443459979,1584443609218,X'687474703A2F2F667573696F6E617574683A39303131');

/*!40000 ALTER TABLE `nodes` ENABLE KEYS */;
UNLOCK TABLES;


# Affichage de la table previous_passwords
# ------------------------------------------------------------

CREATE TABLE `previous_passwords` (
  `create_instant` bigint(20) NOT NULL,
  `encryption_scheme` varchar(255) COLLATE utf8mb4_bin NOT NULL,
  `factor` int(11) NOT NULL,
  `password` varchar(255) COLLATE utf8mb4_bin NOT NULL,
  `salt` varchar(255) COLLATE utf8mb4_bin NOT NULL,
  `users_id` binary(16) NOT NULL,
  UNIQUE KEY `previous_passwords_uk_1` (`users_id`,`create_instant`),
  CONSTRAINT `previous_passwords_fk_1` FOREIGN KEY (`users_id`) REFERENCES `users` (`id`)
) ENGINE=InnoDB DEFAULT CHARSET=utf8mb4 COLLATE=utf8mb4_bin;



# Affichage de la table raw_application_daily_active_users
# ------------------------------------------------------------

CREATE TABLE `raw_application_daily_active_users` (
  `applications_id` binary(16) NOT NULL,
  `day` int(11) NOT NULL,
  `users_id` binary(16) NOT NULL,
  UNIQUE KEY `raw_application_daily_active_users_uk_1` (`applications_id`,`day`,`users_id`)
) ENGINE=InnoDB DEFAULT CHARSET=utf8mb4 COLLATE=utf8mb4_bin;

LOCK TABLES `raw_application_daily_active_users` WRITE;
/*!40000 ALTER TABLE `raw_application_daily_active_users` DISABLE KEYS */;

INSERT INTO `raw_application_daily_active_users` (`applications_id`, `day`, `users_id`)
VALUES
	(X'3C219E58ED0E4B18AD48F4F92793AE32',18337,X'60B4DB47E46A418FBEA52556F718CEC1'),
	(X'3C219E58ED0E4B18AD48F4F92793AE32',18338,X'60B4DB47E46A418FBEA52556F718CEC1');

/*!40000 ALTER TABLE `raw_application_daily_active_users` ENABLE KEYS */;
UNLOCK TABLES;


# Affichage de la table raw_application_monthly_active_users
# ------------------------------------------------------------

CREATE TABLE `raw_application_monthly_active_users` (
  `applications_id` binary(16) NOT NULL,
  `month` int(11) NOT NULL,
  `users_id` binary(16) NOT NULL,
  UNIQUE KEY `raw_application_monthly_active_users_uk_1` (`applications_id`,`month`,`users_id`)
) ENGINE=InnoDB DEFAULT CHARSET=utf8mb4 COLLATE=utf8mb4_bin;

LOCK TABLES `raw_application_monthly_active_users` WRITE;
/*!40000 ALTER TABLE `raw_application_monthly_active_users` DISABLE KEYS */;

INSERT INTO `raw_application_monthly_active_users` (`applications_id`, `month`, `users_id`)
VALUES
	(X'3C219E58ED0E4B18AD48F4F92793AE32',602,X'60B4DB47E46A418FBEA52556F718CEC1');

/*!40000 ALTER TABLE `raw_application_monthly_active_users` ENABLE KEYS */;
UNLOCK TABLES;


# Affichage de la table raw_global_daily_active_users
# ------------------------------------------------------------

CREATE TABLE `raw_global_daily_active_users` (
  `day` int(11) NOT NULL,
  `users_id` binary(16) NOT NULL,
  UNIQUE KEY `raw_global_daily_active_users_uk_1` (`day`,`users_id`)
) ENGINE=InnoDB DEFAULT CHARSET=utf8mb4 COLLATE=utf8mb4_bin;

LOCK TABLES `raw_global_daily_active_users` WRITE;
/*!40000 ALTER TABLE `raw_global_daily_active_users` DISABLE KEYS */;

INSERT INTO `raw_global_daily_active_users` (`day`, `users_id`)
VALUES
	(18337,X'60B4DB47E46A418FBEA52556F718CEC1'),
	(18338,X'60B4DB47E46A418FBEA52556F718CEC1');

/*!40000 ALTER TABLE `raw_global_daily_active_users` ENABLE KEYS */;
UNLOCK TABLES;


# Affichage de la table raw_global_monthly_active_users
# ------------------------------------------------------------

CREATE TABLE `raw_global_monthly_active_users` (
  `month` int(11) NOT NULL,
  `users_id` binary(16) NOT NULL,
  UNIQUE KEY `raw_global_monthly_active_users_uk_1` (`month`,`users_id`)
) ENGINE=InnoDB DEFAULT CHARSET=utf8mb4 COLLATE=utf8mb4_bin;

LOCK TABLES `raw_global_monthly_active_users` WRITE;
/*!40000 ALTER TABLE `raw_global_monthly_active_users` DISABLE KEYS */;

INSERT INTO `raw_global_monthly_active_users` (`month`, `users_id`)
VALUES
	(602,X'60B4DB47E46A418FBEA52556F718CEC1');

/*!40000 ALTER TABLE `raw_global_monthly_active_users` ENABLE KEYS */;
UNLOCK TABLES;


# Affichage de la table raw_logins
# ------------------------------------------------------------

CREATE TABLE `raw_logins` (
  `applications_id` binary(16) NOT NULL,
  `instant` bigint(20) NOT NULL,
  `ip_address` varchar(255) COLLATE utf8mb4_bin DEFAULT NULL,
  `users_id` binary(16) NOT NULL,
  KEY `raw_logins_fk_1` (`applications_id`),
  KEY `raw_logins_i_1` (`instant`),
  KEY `raw_logins_i_2` (`users_id`,`instant`),
  CONSTRAINT `raw_logins_fk_1` FOREIGN KEY (`applications_id`) REFERENCES `applications` (`id`),
  CONSTRAINT `raw_logins_fk_2` FOREIGN KEY (`users_id`) REFERENCES `users` (`id`)
) ENGINE=InnoDB DEFAULT CHARSET=utf8mb4 COLLATE=utf8mb4_bin;

LOCK TABLES `raw_logins` WRITE;
/*!40000 ALTER TABLE `raw_logins` DISABLE KEYS */;

INSERT INTO `raw_logins` (`applications_id`, `instant`, `ip_address`, `users_id`)
VALUES
	(X'3C219E58ED0E4B18AD48F4F92793AE32',1584368683736,X'3137322E32332E302E31',X'60B4DB47E46A418FBEA52556F718CEC1'),
	(X'3C219E58ED0E4B18AD48F4F92793AE32',1584369899268,X'3137322E32332E302E31',X'60B4DB47E46A418FBEA52556F718CEC1'),
	(X'3C219E58ED0E4B18AD48F4F92793AE32',1584370098425,X'3137322E32332E302E31',X'60B4DB47E46A418FBEA52556F718CEC1'),
	(X'3C219E58ED0E4B18AD48F4F92793AE32',1584443507849,X'3137322E31392E302E31',X'60B4DB47E46A418FBEA52556F718CEC1');

/*!40000 ALTER TABLE `raw_logins` ENABLE KEYS */;
UNLOCK TABLES;


# Affichage de la table refresh_tokens
# ------------------------------------------------------------

CREATE TABLE `refresh_tokens` (
  `token` varchar(191) COLLATE utf8mb4_bin NOT NULL,
  `users_id` binary(16) NOT NULL,
  `applications_id` binary(16) NOT NULL,
  `insert_instant` bigint(20) NOT NULL,
  `start_instant` bigint(20) NOT NULL,
  `meta_data` text COLLATE utf8mb4_bin NOT NULL,
  PRIMARY KEY (`token`),
  KEY `refresh_tokens_fk_1` (`users_id`),
  KEY `refresh_tokens_i_1` (`start_instant`),
  KEY `refresh_tokens_i_2` (`applications_id`),
  CONSTRAINT `refresh_tokens_fk_1` FOREIGN KEY (`users_id`) REFERENCES `users` (`id`),
  CONSTRAINT `refresh_tokens_fk_2` FOREIGN KEY (`applications_id`) REFERENCES `applications` (`id`)
) ENGINE=InnoDB DEFAULT CHARSET=utf8mb4 COLLATE=utf8mb4_bin;



# Affichage de la table system_configuration
# ------------------------------------------------------------

CREATE TABLE `system_configuration` (
  `data` longtext COLLATE utf8mb4_bin NOT NULL,
  `report_timezone` varchar(255) COLLATE utf8mb4_bin NOT NULL
) ENGINE=InnoDB DEFAULT CHARSET=utf8mb4 COLLATE=utf8mb4_bin;

LOCK TABLES `system_configuration` WRITE;
/*!40000 ALTER TABLE `system_configuration` DISABLE KEYS */;

INSERT INTO `system_configuration` (`data`, `report_timezone`)
VALUES
	(X'7B2261756469744C6F67436F6E66696775726174696F6E223A7B2264656C657465223A7B22656E61626C6564223A66616C73657D7D2C22636F6F6B6965456E6372797074696F6E4956223A2277346242786D6545645A797274482F397776454B74673D3D222C22636F6F6B6965456E6372797074696F6E4B6579223A2262332F342F356E6D666D46645A3751653733774731513D3D222C22636F7273436F6E66696775726174696F6E223A7B22616C6C6F7743726564656E7469616C73223A747275652C22616C6C6F77656448656164657273223A5B22416363657074222C224163636573732D436F6E74726F6C2D526571756573742D48656164657273222C224163636573732D436F6E74726F6C2D526571756573742D4D6574686F64222C22417574686F72697A6174696F6E222C22436F6E74656E742D54797065222C224C6173742D4D6F646966696564222C224F726967696E222C22582D467573696F6E417574682D54656E616E744964222C22582D5265717565737465642D57697468225D2C22616C6C6F7765644D6574686F6473223A5B22474554222C22504F5354222C2248454144222C224F5054494F4E53222C22505554222C2244454C455445225D2C22616C6C6F7765644F726967696E73223A5B222A225D2C22656E61626C6564223A747275652C226578706F73656448656164657273223A5B224163636573732D436F6E74726F6C2D416C6C6F772D4F726967696E222C224163636573732D436F6E74726F6C2D416C6C6F772D43726564656E7469616C73225D2C22707265666C696768744D6178416765496E5365636F6E6473223A313830307D2C2264617461223A7B7D2C226576656E744C6F67436F6E66696775726174696F6E223A7B226E756D626572546F52657461696E223A31303030307D2C226C6F67696E5265636F7264436F6E66696775726174696F6E223A7B2264656C657465223A7B22656E61626C6564223A66616C73657D7D2C227569436F6E66696775726174696F6E223A7B7D7D',X'416D65726963612F44656E766572');

/*!40000 ALTER TABLE `system_configuration` ENABLE KEYS */;
UNLOCK TABLES;


# Affichage de la table tenants
# ------------------------------------------------------------

CREATE TABLE `tenants` (
  `id` binary(16) NOT NULL,
  `access_token_signing_keys_id` binary(16) NOT NULL,
  `confirm_child_email_template_id` binary(16) DEFAULT NULL,
  `data` text COLLATE utf8mb4_bin,
  `failed_authentication_user_actions_id` binary(16) DEFAULT NULL,
  `family_request_email_template_id` binary(16) DEFAULT NULL,
  `forgot_password_email_templates_id` binary(16) DEFAULT NULL,
  `id_token_signing_keys_id` binary(16) NOT NULL,
  `name` varchar(191) COLLATE utf8mb4_bin NOT NULL,
  `parent_registration_email_template_id` binary(16) DEFAULT NULL,
  `passwordless_email_templates_id` binary(16) DEFAULT NULL,
  `set_password_email_templates_id` binary(16) DEFAULT NULL,
  `themes_id` binary(16) NOT NULL,
  `verification_email_templates_id` binary(16) DEFAULT NULL,
  PRIMARY KEY (`id`),
  UNIQUE KEY `tenants_uk_1` (`name`),
  KEY `tenants_fk_1` (`forgot_password_email_templates_id`),
  KEY `tenants_fk_2` (`set_password_email_templates_id`),
  KEY `tenants_fk_3` (`verification_email_templates_id`),
  KEY `tenants_fk_4` (`passwordless_email_templates_id`),
  KEY `tenants_fk_5` (`confirm_child_email_template_id`),
  KEY `tenants_fk_6` (`family_request_email_template_id`),
  KEY `tenants_fk_7` (`parent_registration_email_template_id`),
  KEY `tenants_fk_8` (`failed_authentication_user_actions_id`),
  KEY `tenants_fk_9` (`themes_id`),
  KEY `tenants_fk_10` (`access_token_signing_keys_id`),
  KEY `tenants_fk_11` (`id_token_signing_keys_id`),
  CONSTRAINT `tenants_fk_1` FOREIGN KEY (`forgot_password_email_templates_id`) REFERENCES `email_templates` (`id`),
  CONSTRAINT `tenants_fk_10` FOREIGN KEY (`access_token_signing_keys_id`) REFERENCES `keys` (`id`),
  CONSTRAINT `tenants_fk_11` FOREIGN KEY (`id_token_signing_keys_id`) REFERENCES `keys` (`id`),
  CONSTRAINT `tenants_fk_2` FOREIGN KEY (`set_password_email_templates_id`) REFERENCES `email_templates` (`id`),
  CONSTRAINT `tenants_fk_3` FOREIGN KEY (`verification_email_templates_id`) REFERENCES `email_templates` (`id`),
  CONSTRAINT `tenants_fk_4` FOREIGN KEY (`passwordless_email_templates_id`) REFERENCES `email_templates` (`id`),
  CONSTRAINT `tenants_fk_5` FOREIGN KEY (`confirm_child_email_template_id`) REFERENCES `email_templates` (`id`),
  CONSTRAINT `tenants_fk_6` FOREIGN KEY (`family_request_email_template_id`) REFERENCES `email_templates` (`id`),
  CONSTRAINT `tenants_fk_7` FOREIGN KEY (`parent_registration_email_template_id`) REFERENCES `email_templates` (`id`),
  CONSTRAINT `tenants_fk_8` FOREIGN KEY (`failed_authentication_user_actions_id`) REFERENCES `user_actions` (`id`),
  CONSTRAINT `tenants_fk_9` FOREIGN KEY (`themes_id`) REFERENCES `themes` (`id`)
) ENGINE=InnoDB DEFAULT CHARSET=utf8mb4 COLLATE=utf8mb4_bin;

LOCK TABLES `tenants` WRITE;
/*!40000 ALTER TABLE `tenants` DISABLE KEYS */;

INSERT INTO `tenants` (`id`, `access_token_signing_keys_id`, `confirm_child_email_template_id`, `data`, `failed_authentication_user_actions_id`, `family_request_email_template_id`, `forgot_password_email_templates_id`, `id_token_signing_keys_id`, `name`, `parent_registration_email_template_id`, `passwordless_email_templates_id`, `set_password_email_templates_id`, `themes_id`, `verification_email_templates_id`)
VALUES
	(X'63306265613733353163666231353737',X'65643734333132643966343461663265',NULL,X'7B22636F6E66696775726564223A747275652C2264617461223A7B7D2C22656D61696C436F6E66696775726174696F6E223A7B22686F7374223A226C6F63616C686F7374222C22706F7274223A32352C227365637572697479223A224E4F4E45222C22766572696679456D61696C223A66616C73652C22766572696679456D61696C5768656E4368616E676564223A66616C73657D2C226576656E74436F6E66696775726174696F6E223A7B226576656E7473223A7B22757365722E64656C657465223A7B22656E61626C6564223A66616C73652C227472616E73616374696F6E54797065223A224E6F6E65227D2C22757365722E637265617465223A7B22656E61626C6564223A66616C73652C227472616E73616374696F6E54797065223A224E6F6E65227D2C22757365722E757064617465223A7B22656E61626C6564223A66616C73652C227472616E73616374696F6E54797065223A224E6F6E65227D2C22757365722E64656163746976617465223A7B22656E61626C6564223A66616C73652C227472616E73616374696F6E54797065223A224E6F6E65227D2C22757365722E62756C6B2E637265617465223A7B22656E61626C6564223A66616C73652C227472616E73616374696F6E54797065223A224E6F6E65227D2C22757365722E72656163746976617465223A7B22656E61626C6564223A66616C73652C227472616E73616374696F6E54797065223A224E6F6E65227D2C226A77742E726566726573682D746F6B656E2E7265766F6B65223A7B22656E61626C6564223A66616C73652C227472616E73616374696F6E54797065223A224E6F6E65227D2C226A77742E7075626C69632D6B65792E757064617465223A7B22656E61626C6564223A66616C73652C227472616E73616374696F6E54797065223A224E6F6E65227D2C22757365722E6C6F67696E2E73756363657373223A7B22656E61626C6564223A66616C73652C227472616E73616374696F6E54797065223A224E6F6E65227D2C22757365722E6C6F67696E2E6661696C6564223A7B22656E61626C6564223A66616C73652C227472616E73616374696F6E54797065223A224E6F6E65227D2C22757365722E726567697374726174696F6E2E637265617465223A7B22656E61626C6564223A66616C73652C227472616E73616374696F6E54797065223A224E6F6E65227D2C22757365722E726567697374726174696F6E2E757064617465223A7B22656E61626C6564223A66616C73652C227472616E73616374696F6E54797065223A224E6F6E65227D2C22757365722E726567697374726174696F6E2E64656C657465223A7B22656E61626C6564223A66616C73652C227472616E73616374696F6E54797065223A224E6F6E65227D2C22757365722E726567697374726174696F6E2E7665726966696564223A7B22656E61626C6564223A66616C73652C227472616E73616374696F6E54797065223A224E6F6E65227D2C22757365722E656D61696C2E7665726966696564223A7B22656E61626C6564223A66616C73652C227472616E73616374696F6E54797065223A224E6F6E65227D2C22757365722E70617373776F72642E627265616368223A7B22656E61626C6564223A66616C73652C227472616E73616374696F6E54797065223A224E6F6E65227D7D7D2C2265787465726E616C4964656E746966696572436F6E66696775726174696F6E223A7B22617574686F72697A6174696F6E4772616E74496454696D65546F4C697665496E5365636F6E6473223A33302C226368616E676550617373776F7264496447656E657261746F72223A7B226C656E677468223A33322C2274797065223A2272616E646F6D4279746573227D2C226368616E676550617373776F7264496454696D65546F4C697665496E5365636F6E6473223A3630302C22646576696365436F646554696D65546F4C697665496E5365636F6E6473223A313830302C2264657669636555736572436F6465496447656E657261746F72223A7B226C656E677468223A362C2274797065223A2272616E646F6D416C7068614E756D65726963227D2C22656D61696C566572696669636174696F6E496447656E657261746F72223A7B226C656E677468223A33322C2274797065223A2272616E646F6D4279746573227D2C22656D61696C566572696669636174696F6E496454696D65546F4C697665496E5365636F6E6473223A38363430302C2265787465726E616C41757468656E7469636174696F6E496454696D65546F4C697665496E5365636F6E6473223A3330302C226F6E6554696D6550617373776F726454696D65546F4C697665496E5365636F6E6473223A36302C2270617373776F72646C6573734C6F67696E47656E657261746F72223A7B226C656E677468223A33322C2274797065223A2272616E646F6D4279746573227D2C2270617373776F72646C6573734C6F67696E54696D65546F4C697665496E5365636F6E6473223A38363430302C22726567697374726174696F6E566572696669636174696F6E496447656E657261746F72223A7B226C656E677468223A33322C2274797065223A2272616E646F6D4279746573227D2C22726567697374726174696F6E566572696669636174696F6E496454696D65546F4C697665496E5365636F6E6473223A38363430302C22736574757050617373776F7264496447656E657261746F72223A7B226C656E677468223A33322C2274797065223A2272616E646F6D4279746573227D2C22736574757050617373776F7264496454696D65546F4C697665496E5365636F6E6473223A38363430302C2274776F466163746F72496454696D65546F4C697665496E5365636F6E6473223A3330302C2274776F466163746F725472757374496454696D65546F4C697665496E5365636F6E6473223A323539323030307D2C226661696C656441757468656E7469636174696F6E436F6E66696775726174696F6E223A7B22616374696F6E4475726174696F6E223A332C22616374696F6E4475726174696F6E556E6974223A224D494E55544553222C227265736574436F756E74496E5365636F6E6473223A36302C22746F6F4D616E79417474656D707473223A357D2C2266616D696C79436F6E66696775726174696F6E223A7B22616C6C6F774368696C64526567697374726174696F6E73223A747275652C2264656C6574654F727068616E65644163636F756E7473223A66616C73652C2264656C6574654F727068616E65644163636F756E747344617973223A33302C22656E61626C6564223A66616C73652C226D6178696D756D4368696C64416765223A31322C226D696E696D756D4F776E6572416765223A32312C22706172656E74456D61696C5265717569726564223A66616C73657D2C226874747053657373696F6E4D6178496E616374697665496E74657276616C223A333630302C22697373756572223A2277657665726966792E6575222C226A7774436F6E66696775726174696F6E223A7B22656E61626C6564223A747275652C2272656672657368546F6B656E54696D65546F4C697665496E4D696E75746573223A34333230302C2274696D65546F4C697665496E5365636F6E6473223A333630307D2C226D6178696D756D50617373776F7264416765223A7B2264617973223A3138302C22656E61626C6564223A66616C73657D2C226D696E696D756D50617373776F7264416765223A7B22656E61626C6564223A66616C73652C227365636F6E6473223A33307D2C2270617373776F7264456E6372797074696F6E436F6E66696775726174696F6E223A7B22656E6372797074696F6E536368656D65223A2273616C7465642D70626B6466322D686D61632D736861323536222C22656E6372797074696F6E536368656D65466163746F72223A32343030302C226D6F64696679456E6372797074696F6E536368656D654F6E4C6F67696E223A66616C73657D2C2270617373776F726456616C69646174696F6E52756C6573223A7B22627265616368446574656374696F6E223A7B22656E61626C6564223A66616C73652C226D617463684D6F6465223A2248696768222C226E6F7469667955736572456D61696C54656D706C6174654964223A2264366261333963312D323832642D343530622D393930632D373131633734656139363565222C226F6E4C6F67696E223A224F6666227D2C226D61784C656E677468223A3235362C226D696E4C656E677468223A382C2272656D656D62657250726576696F757350617373776F726473223A7B22636F756E74223A312C22656E61626C6564223A66616C73657D2C22726571756972654D6978656443617365223A66616C73652C22726571756972654E6F6E416C706861223A66616C73652C22726571756972654E756D626572223A66616C73652C2276616C69646174654F6E4C6F67696E223A66616C73657D2C227573657244656C657465506F6C696379223A7B22756E7665726966696564223A7B22656E61626C6564223A66616C73652C226E756D6265724F6644617973546F52657461696E223A33307D7D7D',NULL,NULL,X'E40AC79C075945C589A4FDE233A95F77',X'092DBEDC30AF41499C61B578F2C72F59',X'5765766572696679',NULL,X'EB32DD35EDFF4CF4838D24D34E62A372',X'AF42155E200F43E4AEC849E0CBF2C182',X'75A068FDE94B451A9AEB3DDB9A3B5987',NULL);

/*!40000 ALTER TABLE `tenants` ENABLE KEYS */;
UNLOCK TABLES;


# Affichage de la table themes
# ------------------------------------------------------------

CREATE TABLE `themes` (
  `id` binary(16) NOT NULL,
  `data` longtext COLLATE utf8mb4_bin NOT NULL,
  `insert_instant` bigint(20) NOT NULL,
  `last_update_instant` bigint(20) NOT NULL,
  `name` varchar(191) COLLATE utf8mb4_bin NOT NULL,
  PRIMARY KEY (`id`),
  UNIQUE KEY `themes_uk_1` (`name`)
) ENGINE=InnoDB DEFAULT CHARSET=utf8mb4 COLLATE=utf8mb4_bin;

LOCK TABLES `themes` WRITE;
/*!40000 ALTER TABLE `themes` DISABLE KEYS */;

INSERT INTO `themes` (`id`, `data`, `insert_instant`, `last_update_instant`, `name`)
VALUES
	(X'75A068FDE94B451A9AEB3DDB9A3B5987',X'7B7D',1584360516000,1584360512000,X'467573696F6E41757468');

/*!40000 ALTER TABLE `themes` ENABLE KEYS */;
UNLOCK TABLES;


# Affichage de la table user_action_logs
# ------------------------------------------------------------

CREATE TABLE `user_action_logs` (
  `id` binary(16) NOT NULL,
  `actioner_users_id` binary(16) DEFAULT NULL,
  `actionee_users_id` binary(16) NOT NULL,
  `comment` text COLLATE utf8mb4_bin,
  `create_instant` bigint(20) NOT NULL,
  `email_user_on_end` bit(1) NOT NULL,
  `end_event_sent` bit(1) DEFAULT NULL,
  `expiry` bigint(20) DEFAULT NULL,
  `history` text COLLATE utf8mb4_bin,
  `localized_name` varchar(191) COLLATE utf8mb4_bin DEFAULT NULL,
  `localized_option` varchar(255) COLLATE utf8mb4_bin DEFAULT NULL,
  `localized_reason` varchar(255) COLLATE utf8mb4_bin DEFAULT NULL,
  `name` varchar(191) COLLATE utf8mb4_bin DEFAULT NULL,
  `notify_user_on_end` bit(1) NOT NULL,
  `option_name` varchar(255) COLLATE utf8mb4_bin DEFAULT NULL,
  `reason` varchar(255) COLLATE utf8mb4_bin DEFAULT NULL,
  `reason_code` varchar(255) COLLATE utf8mb4_bin DEFAULT NULL,
  `user_actions_id` binary(16) NOT NULL,
  PRIMARY KEY (`id`),
  KEY `user_action_logs_fk_1` (`actioner_users_id`),
  KEY `user_action_logs_fk_2` (`actionee_users_id`),
  KEY `user_action_logs_fk_3` (`user_actions_id`),
  KEY `user_action_logs_i_1` (`create_instant`),
  KEY `user_action_logs_i_2` (`expiry`,`end_event_sent`),
  CONSTRAINT `user_action_logs_fk_1` FOREIGN KEY (`actioner_users_id`) REFERENCES `users` (`id`),
  CONSTRAINT `user_action_logs_fk_2` FOREIGN KEY (`actionee_users_id`) REFERENCES `users` (`id`),
  CONSTRAINT `user_action_logs_fk_3` FOREIGN KEY (`user_actions_id`) REFERENCES `user_actions` (`id`)
) ENGINE=InnoDB DEFAULT CHARSET=utf8mb4 COLLATE=utf8mb4_bin;



# Affichage de la table user_action_logs_applications
# ------------------------------------------------------------

CREATE TABLE `user_action_logs_applications` (
  `applications_id` binary(16) NOT NULL,
  `user_action_logs_id` binary(16) NOT NULL,
  KEY `user_action_logs_applications_fk_1` (`applications_id`),
  KEY `user_action_logs_applications_fk_2` (`user_action_logs_id`),
  CONSTRAINT `user_action_logs_applications_fk_1` FOREIGN KEY (`applications_id`) REFERENCES `applications` (`id`) ON DELETE CASCADE,
  CONSTRAINT `user_action_logs_applications_fk_2` FOREIGN KEY (`user_action_logs_id`) REFERENCES `user_action_logs` (`id`) ON DELETE CASCADE
) ENGINE=InnoDB DEFAULT CHARSET=utf8mb4 COLLATE=utf8mb4_bin;



# Affichage de la table user_action_reasons
# ------------------------------------------------------------

CREATE TABLE `user_action_reasons` (
  `id` binary(16) NOT NULL,
  `localized_texts` text COLLATE utf8mb4_bin,
  `text` varchar(191) COLLATE utf8mb4_bin NOT NULL,
  `code` varchar(191) COLLATE utf8mb4_bin NOT NULL,
  PRIMARY KEY (`id`),
  UNIQUE KEY `user_action_reasons_uk_1` (`text`),
  UNIQUE KEY `user_action_reasons_uk_2` (`code`)
) ENGINE=InnoDB DEFAULT CHARSET=utf8mb4 COLLATE=utf8mb4_bin;



# Affichage de la table user_actions
# ------------------------------------------------------------

CREATE TABLE `user_actions` (
  `id` binary(16) NOT NULL,
  `active` bit(1) NOT NULL,
  `cancel_email_templates_id` binary(16) DEFAULT NULL,
  `end_email_templates_id` binary(16) DEFAULT NULL,
  `include_email_in_event_json` bit(1) NOT NULL,
  `localized_names` text COLLATE utf8mb4_bin,
  `modify_email_templates_id` binary(16) DEFAULT NULL,
  `name` varchar(191) COLLATE utf8mb4_bin NOT NULL,
  `options` text COLLATE utf8mb4_bin,
  `prevent_login` bit(1) NOT NULL,
  `send_end_event` bit(1) NOT NULL,
  `start_email_templates_id` binary(16) DEFAULT NULL,
  `temporal` bit(1) NOT NULL,
  `transaction_type` smallint(6) NOT NULL,
  `user_notifications_enabled` bit(1) NOT NULL,
  `user_emailing_enabled` bit(1) NOT NULL,
  PRIMARY KEY (`id`),
  UNIQUE KEY `user_actions_uk_1` (`name`),
  KEY `user_actions_fk_1` (`cancel_email_templates_id`),
  KEY `user_actions_fk_2` (`end_email_templates_id`),
  KEY `user_actions_fk_3` (`modify_email_templates_id`),
  KEY `user_actions_fk_4` (`start_email_templates_id`),
  CONSTRAINT `user_actions_fk_1` FOREIGN KEY (`cancel_email_templates_id`) REFERENCES `email_templates` (`id`),
  CONSTRAINT `user_actions_fk_2` FOREIGN KEY (`end_email_templates_id`) REFERENCES `email_templates` (`id`),
  CONSTRAINT `user_actions_fk_3` FOREIGN KEY (`modify_email_templates_id`) REFERENCES `email_templates` (`id`),
  CONSTRAINT `user_actions_fk_4` FOREIGN KEY (`start_email_templates_id`) REFERENCES `email_templates` (`id`)
) ENGINE=InnoDB DEFAULT CHARSET=utf8mb4 COLLATE=utf8mb4_bin;

LOCK TABLES `user_actions` WRITE;
/*!40000 ALTER TABLE `user_actions` DISABLE KEYS */;

INSERT INTO `user_actions` (`id`, `active`, `cancel_email_templates_id`, `end_email_templates_id`, `include_email_in_event_json`, `localized_names`, `modify_email_templates_id`, `name`, `options`, `prevent_login`, `send_end_event`, `start_email_templates_id`, `temporal`, `transaction_type`, `user_notifications_enabled`, `user_emailing_enabled`)
VALUES
	(X'03CF04091BEE4C8E925CADDB081DAA07',b'1',NULL,NULL,b'0',NULL,NULL,X'576576657269667920417070726F76616C204E6F74696669636174696F6E',X'5B5D',b'0',b'0',X'627218ED192B41FD8B4C0079741CEEB2',b'0',0,b'0',b'1');

/*!40000 ALTER TABLE `user_actions` ENABLE KEYS */;
UNLOCK TABLES;


# Affichage de la table user_comments
# ------------------------------------------------------------

CREATE TABLE `user_comments` (
  `id` binary(16) NOT NULL,
  `comment` text COLLATE utf8mb4_bin,
  `commenter_id` binary(16) NOT NULL,
  `create_instant` bigint(20) NOT NULL,
  `users_id` binary(16) NOT NULL,
  PRIMARY KEY (`id`),
  KEY `user_comments_i_1` (`create_instant`),
  KEY `user_comments_i_2` (`users_id`),
  KEY `user_comments_i_3` (`commenter_id`),
  CONSTRAINT `user_comments_fk_1` FOREIGN KEY (`users_id`) REFERENCES `users` (`id`),
  CONSTRAINT `user_comments_fk_2` FOREIGN KEY (`commenter_id`) REFERENCES `users` (`id`)
) ENGINE=InnoDB DEFAULT CHARSET=utf8mb4 COLLATE=utf8mb4_bin;



# Affichage de la table user_consents
# ------------------------------------------------------------

CREATE TABLE `user_consents` (
  `id` binary(16) NOT NULL,
  `consents_id` binary(16) NOT NULL,
  `data` mediumtext COLLATE utf8mb4_bin,
  `giver_users_id` binary(16) NOT NULL,
  `insert_instant` bigint(20) NOT NULL,
  `last_update_instant` bigint(20) NOT NULL,
  `users_id` binary(16) NOT NULL,
  PRIMARY KEY (`id`),
  KEY `user_consents_fk_1` (`consents_id`),
  KEY `user_consents_fk_2` (`giver_users_id`),
  KEY `user_consents_fk_3` (`users_id`),
  CONSTRAINT `user_consents_fk_1` FOREIGN KEY (`consents_id`) REFERENCES `consents` (`id`),
  CONSTRAINT `user_consents_fk_2` FOREIGN KEY (`giver_users_id`) REFERENCES `users` (`id`),
  CONSTRAINT `user_consents_fk_3` FOREIGN KEY (`users_id`) REFERENCES `users` (`id`)
) ENGINE=InnoDB DEFAULT CHARSET=utf8mb4 COLLATE=utf8mb4_bin;



# Affichage de la table user_consents_email_plus
# ------------------------------------------------------------

CREATE TABLE `user_consents_email_plus` (
  `id` bigint(20) NOT NULL AUTO_INCREMENT,
  `next_email_instant` bigint(20) NOT NULL,
  `user_consents_id` binary(16) NOT NULL,
  PRIMARY KEY (`id`),
  KEY `user_consents_email_plus_fk_1` (`user_consents_id`),
  KEY `user_consents_email_plus_i_1` (`next_email_instant`),
  CONSTRAINT `user_consents_email_plus_fk_1` FOREIGN KEY (`user_consents_id`) REFERENCES `user_consents` (`id`)
) ENGINE=InnoDB DEFAULT CHARSET=utf8mb4 COLLATE=utf8mb4_bin;



# Affichage de la table user_registrations
# ------------------------------------------------------------

CREATE TABLE `user_registrations` (
  `id` binary(16) NOT NULL,
  `applications_id` binary(16) NOT NULL,
  `authentication_token` varchar(255) COLLATE utf8mb4_bin DEFAULT NULL,
  `clean_speak_id` binary(16) DEFAULT NULL,
  `data` mediumtext COLLATE utf8mb4_bin,
  `insert_instant` bigint(20) NOT NULL,
  `last_login_instant` bigint(20) DEFAULT NULL,
  `timezone` varchar(255) COLLATE utf8mb4_bin DEFAULT NULL,
  `username` varchar(191) COLLATE utf8mb4_bin DEFAULT NULL,
  `username_status` smallint(6) NOT NULL,
  `users_id` binary(16) NOT NULL,
  `verified` bit(1) NOT NULL,
  PRIMARY KEY (`id`),
  UNIQUE KEY `user_registrations_uk_1` (`applications_id`,`users_id`),
  KEY `user_registrations_i_1` (`clean_speak_id`),
  KEY `user_registrations_i_2` (`users_id`),
  CONSTRAINT `user_registrations_fk_1` FOREIGN KEY (`applications_id`) REFERENCES `applications` (`id`),
  CONSTRAINT `user_registrations_fk_2` FOREIGN KEY (`users_id`) REFERENCES `users` (`id`)
) ENGINE=InnoDB DEFAULT CHARSET=utf8mb4 COLLATE=utf8mb4_bin;

LOCK TABLES `user_registrations` WRITE;
/*!40000 ALTER TABLE `user_registrations` DISABLE KEYS */;

INSERT INTO `user_registrations` (`id`, `applications_id`, `authentication_token`, `clean_speak_id`, `data`, `insert_instant`, `last_login_instant`, `timezone`, `username`, `username_status`, `users_id`, `verified`)
VALUES
	(X'4CF1C5E71B2A423C97F52934865DC572',X'3C219E58ED0E4B18AD48F4F92793AE32',NULL,NULL,X'7B2264617461223A7B7D2C227072656665727265644C616E677561676573223A5B5D2C22746F6B656E73223A7B7D7D',1584362046450,1584443507849,NULL,NULL,0,X'60B4DB47E46A418FBEA52556F718CEC1',b'1');

/*!40000 ALTER TABLE `user_registrations` ENABLE KEYS */;
UNLOCK TABLES;


# Affichage de la table user_registrations_application_roles
# ------------------------------------------------------------

CREATE TABLE `user_registrations_application_roles` (
  `application_roles_id` binary(16) NOT NULL,
  `user_registrations_id` binary(16) NOT NULL,
  UNIQUE KEY `user_registrations_application_roles_uk_1` (`user_registrations_id`,`application_roles_id`),
  KEY `user_registrations_application_roles_fk_2` (`application_roles_id`),
  CONSTRAINT `user_registrations_application_roles_fk_1` FOREIGN KEY (`user_registrations_id`) REFERENCES `user_registrations` (`id`),
  CONSTRAINT `user_registrations_application_roles_fk_2` FOREIGN KEY (`application_roles_id`) REFERENCES `application_roles` (`id`)
) ENGINE=InnoDB DEFAULT CHARSET=utf8mb4 COLLATE=utf8mb4_bin;

LOCK TABLES `user_registrations_application_roles` WRITE;
/*!40000 ALTER TABLE `user_registrations_application_roles` DISABLE KEYS */;

INSERT INTO `user_registrations_application_roles` (`application_roles_id`, `user_registrations_id`)
VALUES
	(X'631ECD9D8D404C13827780CEDB8236E2',X'4CF1C5E71B2A423C97F52934865DC572');

/*!40000 ALTER TABLE `user_registrations_application_roles` ENABLE KEYS */;
UNLOCK TABLES;


# Affichage de la table users
# ------------------------------------------------------------

CREATE TABLE `users` (
  `id` binary(16) NOT NULL,
  `active` bit(1) NOT NULL,
  `birth_date` char(10) COLLATE utf8mb4_bin DEFAULT NULL,
  `clean_speak_id` binary(16) DEFAULT NULL,
  `data` mediumtext COLLATE utf8mb4_bin,
  `expiry` bigint(20) DEFAULT NULL,
  `first_name` varchar(255) COLLATE utf8mb4_bin DEFAULT NULL,
  `full_name` varchar(255) COLLATE utf8mb4_bin DEFAULT NULL,
  `image_url` varchar(255) COLLATE utf8mb4_bin DEFAULT NULL,
  `insert_instant` bigint(20) NOT NULL,
  `last_name` varchar(255) COLLATE utf8mb4_bin DEFAULT NULL,
  `middle_name` varchar(255) COLLATE utf8mb4_bin DEFAULT NULL,
  `mobile_phone` varchar(255) COLLATE utf8mb4_bin DEFAULT NULL,
  `parent_email` varchar(255) COLLATE utf8mb4_bin DEFAULT NULL,
  `tenants_id` binary(16) NOT NULL,
  `timezone` varchar(255) COLLATE utf8mb4_bin DEFAULT NULL,
  PRIMARY KEY (`id`),
  KEY `users_fk_1` (`tenants_id`),
  KEY `users_i_1` (`clean_speak_id`),
  KEY `users_i_2` (`parent_email`),
  CONSTRAINT `users_fk_1` FOREIGN KEY (`tenants_id`) REFERENCES `tenants` (`id`)
) ENGINE=InnoDB DEFAULT CHARSET=utf8mb4 COLLATE=utf8mb4_bin;

LOCK TABLES `users` WRITE;
/*!40000 ALTER TABLE `users` DISABLE KEYS */;

INSERT INTO `users` (`id`, `active`, `birth_date`, `clean_speak_id`, `data`, `expiry`, `first_name`, `full_name`, `image_url`, `insert_instant`, `last_name`, `middle_name`, `mobile_phone`, `parent_email`, `tenants_id`, `timezone`)
VALUES
	(X'60B4DB47E46A418FBEA52556F718CEC1',b'1',NULL,NULL,X'7B2264617461223A7B7D2C227072656665727265644C616E677561676573223A5B5D7D',NULL,X'4D656469616C6162',NULL,NULL,1584362046199,X'414650',NULL,NULL,NULL,X'63306265613733353163666231353737',NULL);

/*!40000 ALTER TABLE `users` ENABLE KEYS */;
UNLOCK TABLES;


# Affichage de la table version
# ------------------------------------------------------------

CREATE TABLE `version` (
  `version` varchar(255) COLLATE utf8mb4_bin NOT NULL
) ENGINE=InnoDB DEFAULT CHARSET=utf8mb4 COLLATE=utf8mb4_bin;

LOCK TABLES `version` WRITE;
/*!40000 ALTER TABLE `version` DISABLE KEYS */;

INSERT INTO `version` (`version`)
VALUES
	(X'312E31352E32');

/*!40000 ALTER TABLE `version` ENABLE KEYS */;
UNLOCK TABLES;


# Affichage de la table webhooks
# ------------------------------------------------------------

CREATE TABLE `webhooks` (
  `id` binary(16) NOT NULL,
  `connect_timeout` int(11) NOT NULL,
  `description` varchar(255) COLLATE utf8mb4_bin DEFAULT NULL,
  `data` text COLLATE utf8mb4_bin,
  `global` bit(1) NOT NULL,
  `headers` text COLLATE utf8mb4_bin,
  `http_authentication_username` varchar(255) COLLATE utf8mb4_bin DEFAULT NULL,
  `http_authentication_password` varchar(255) COLLATE utf8mb4_bin DEFAULT NULL,
  `read_timeout` int(11) NOT NULL,
  `ssl_certificate` text COLLATE utf8mb4_bin,
  `url` text COLLATE utf8mb4_bin NOT NULL,
  PRIMARY KEY (`id`)
) ENGINE=InnoDB DEFAULT CHARSET=utf8mb4 COLLATE=utf8mb4_bin;



# Affichage de la table webhooks_applications
# ------------------------------------------------------------

CREATE TABLE `webhooks_applications` (
  `webhooks_id` binary(16) NOT NULL,
  `applications_id` binary(16) NOT NULL,
  PRIMARY KEY (`webhooks_id`,`applications_id`),
  KEY `webhooks_applications_fk_2` (`applications_id`),
  CONSTRAINT `webhooks_applications_fk_1` FOREIGN KEY (`webhooks_id`) REFERENCES `webhooks` (`id`),
  CONSTRAINT `webhooks_applications_fk_2` FOREIGN KEY (`applications_id`) REFERENCES `applications` (`id`)
) ENGINE=InnoDB DEFAULT CHARSET=utf8mb4 COLLATE=utf8mb4_bin;




/*!40111 SET SQL_NOTES=@OLD_SQL_NOTES */;
/*!40101 SET SQL_MODE=@OLD_SQL_MODE */;
/*!40014 SET FOREIGN_KEY_CHECKS=@OLD_FOREIGN_KEY_CHECKS */;
/*!40101 SET CHARACTER_SET_CLIENT=@OLD_CHARACTER_SET_CLIENT */;
/*!40101 SET CHARACTER_SET_RESULTS=@OLD_CHARACTER_SET_RESULTS */;
/*!40101 SET COLLATION_CONNECTION=@OLD_COLLATION_CONNECTION */;

